:020000040800F2
:1000000000500020D11D0008C11B0008C31B0008C0
:10001000C51B0008C71B0008C91B00080000000022
:10002000000000000000000000000000CB1B0008E2
:10003000CD1B000800000000CF1B0008D11B0008EA
:10004000191E0008191E0008191E0008191E0008B4
:10005000191E0008191E0008191E0008191E0008A4
:10006000191E0008191E0008191E0008191E000894
:10007000191E0008191E0008191E0008191E000884
:10008000191E0008191E0008191E0008191E000874
:10009000191E0008191E0008191E0008191E000864
:1000A000191E0008191E0008191E0008D91B000897
:1000B000191E0008191E0008191E0008191E000844
:1000C000191E0008191E0008191E0008191E000834
:1000D000191E0008191E0008191E0008191E000824
:1000E000191E0008191E0008191E00080000000053
:1000F0000000000000000000000000000000000000
:0C01000000000000000000005FF808F1A3
:1001100081F0004102E000BF83F0004330B54FEAB8
:1001200041044FEA430594EA050F08BF90EA020F25
:100130001FBF54EA000C55EA020C7FEA645C7FEAB8
:10014000655C00F0E2804FEA5454D4EB5555B8BFDB
:100150006D420CDD2C4480EA020281EA030382EA4C
:10016000000083EA010180EA020281EA0303362DDE
:1001700088BF30BD11F0004F4FEA01314FF4801CB1
:100180004CEA113102D0404261EB410113F0004FC3
:100190004FEA03334CEA133302D0524263EB43037A
:1001A00094EA050F00F0A780A4F10104D5F1200E18
:1001B0000DDB02FA0EFC22FA05F2801841F1000173
:1001C00003FA0EF2801843FA05F359410EE0A5F147
:1001D00020050EF1200E012A03FA0EFC28BF4CF078
:1001E000020C43FA05F3C01851EBE37101F000452E
:1001F00007D54FF0000EDCF1000C7EEB00006EEB3B
:100200000101B1F5801F1BD3B1F5001F0CD34908C4
:100210005FEA30004FEA3C0C04F101044FEA44521B
:1002200012F5800F80F09A80BCF1004F08BF5FEAA2
:10023000500C50F1000041EB045141EA050130BD82
:100240005FEA4C0C404141EB0101013C28BFB1F594
:10025000801FE9D291F0000F04BF01460020B1FADF
:1002600081F308BF2033A3F10B03B3F120020CDAB2
:100270000C3208DD02F1140CC2F10C0201FA0CF090
:1002800021FA02F10CE002F11402D8BFC2F1200CF5
:1002900001FA02F120FA0CFCDCBF41EA0C019040AB
:1002A000E41AA2BF01EB0451294330BD6FEA0404F4
:1002B0001F3C1CDA0C340EDC04F11404C4F12002DF
:1002C00020FA04F001FA02F340EA030021FA04F3F1
:1002D00045EA030130BDC4F10C04C4F1200220FA48
:1002E00002F001FA04F340EA0300294630BD21FA86
:1002F00004F0294630BD94F0000F83F4801306BF4C
:1003000081F480110134013D4EE77FEA645C18BF3F
:100310007FEA655C29D094EA050F08BF90EA020FD6
:1003200005D054EA000C04BF1946104630BD91EACE
:10033000030F1EBF0021002030BD5FEA545C05D1D1
:100340004000494128BF41F0004130BD14F5800410
:100350003CBF01F5801130BD01F0004545F0FE4184
:1003600041F470014FF0000030BD7FEA645C1ABFB9
:10037000194610467FEA655C1CBF0B46024650EAF0
:10038000013406BF52EA033591EA030F41F400211C
:1003900030BD00BF90F0000F04BF0021704730B5A2
:1003A0004FF4806404F132044FF000054FF0000177
:1003B00050E700BF90F0000F04BF0021704730B538
:1003C0004FF4806404F1320410F0004548BF40420D
:1003D0004FF000013EE700BF42004FEAE2014FEA62
:1003E00031014FEA02701FBF12F07F4393F07F4F3D
:1003F00081F06051704732F07F4208BF704793F040
:100400007F4F04BF41F40021704730B54FF4607452
:1004100001F0004521F000411CE700BF50EA010255
:1004200008BF704730B54FF000050AE050EA0102FE
:1004300008BF704730B511F0004502D5404261EB6E
:1004400041014FF4806404F132045FEA915C3FF4AF
:10045000D8AE4FF003025FEADC0C18BF03325FEA4C
:10046000DC0C18BF033202EBDC02C2F1200300FAFD
:1004700003FC20FA02F001FA03FE40EA0E0021FA22
:1004800002F11444BDE600BF4FEA410212F500122A
:1004900015D211D56FF47873B3EB625212D94FEACB
:1004A000C12343F0004343EA505311F0004F23FAB5
:1004B00002F018BF404270474FF00000704750EA0A
:1004C000013005D111F0004008BF6FF000407047C7
:1004D0004FF00000704700BF80F0004002E000BF16
:1004E00081F0004142001FBF5FEA410392EA030F1F
:1004F0007FEA226C7FEA236C6AD04FEA1262D2EB69
:100500001363C1BFD218414048404140B8BF5B426D
:10051000192B88BF704710F0004F40F4000020F006
:100520007F4018BF404211F0004F41F4000121F01C
:100530007F4118BF494292EA030F3FD0A2F1010266
:1005400041FA03FC10EB0C00C3F1200301FA03F1A4
:1005500000F0004302D5494260EB4000B0F5000FC7
:1005600013D3B0F1807F06D340084FEA310102F186
:100570000102FE2A51D2B1F1004F40EBC25008BF38
:1005800020F0010040EA03007047490040EB000002
:10059000013A28BFB0F5000FEDD2B0FA80FCACF103
:1005A000080CB2EB0C0200FA0CF0AABF00EBC25030
:1005B00052421843BCBFD0401843704792F0000F1E
:1005C00081F4000106BF80F400000132013BB5E771
:1005D0004FEA41037FEA226C18BF7FEA236C21D0E7
:1005E00092EA030F04D092F0000F08BF084670474C
:1005F00090EA010F1CBF0020704712F07F4F04D11A
:10060000400028BF40F00040704712F100723CBF2C
:1006100000F50000704700F0004343F0FE4040F456
:10062000000070477FEA226216BF08467FEA236314
:100630000146420206BF5FEA412390EA010F40F4FF
:10064000800070474FF0000304E000BF10F000434B
:1006500048BF40425FEA000C08BF704743F0964332
:1006600001464FF000001CE050EA010208BF70474D
:100670004FF000030AE000BF50EA010208BF7047D4
:1006800011F0004302D5404261EB41015FEA010CE9
:1006900002BF84460146002043F0B64308BFA3F1E1
:1006A0008053A3F50003BCFA8CF2083AA3EBC253C3
:1006B00010DB01FA02FC634400FA02FCC2F12002E2
:1006C000BCF1004F20FA02F243EB020008BF20F019
:1006D0000100704702F1200201FA02FCC2F120027F
:1006E00050EA4C0021FA02F243EB020008BF20EA74
:1006F000DC7070474FF0FF0C1CEAD0521EBF1CEAA2
:10070000D15392EA0C0F93EA0C0F6FD01A4480EA8F
:10071000010C400218BF5FEA41211ED04FF0006378
:1007200043EA501043EA5111A0FB01310CF00040A4
:10073000B1F5000F3EBF490041EAD3715B0040EACA
:10074000010062F17F02FD2A1DD8B3F1004F40EB9A
:10075000C25008BF20F00100704790F0000F0CF06D
:10076000004C08BF49024CEA502040EA51207F3A31
:10077000C2BFD2F1FF0340EAC250704740F400000C
:100780004FF00003013A5DDC12F1190FDCBF00F0FD
:1007900000407047C2F10002410021FA02F1C2F1AB
:1007A000200200FA02FC5FEA310040F1000053EA47
:1007B0004C0308BF20EADC70704792F0000F00F095
:1007C000004C02BF400010F4000F013AF9D040EA9B
:1007D0000C0093F0000F01F0004C02BF490011F42F
:1007E000000F013BF9D041EA0C018FE70CEAD1532D
:1007F00092EA0C0F18BF93EA0C0F0AD030F0004CAD
:1008000018BF31F0004CD8D180EA010000F0004060
:10081000704790F0000F17BF90F0004F084691F01E
:10082000000F91F0004F14D092EA0C0F01D1420258
:100830000FD193EA0C0F03D14B0218BF084608D121
:1008400080EA010000F0004040F0FE4040F400006B
:10085000704740F0FE4040F4400070474FF0FF0CFE
:100860001CEAD0521EBF1CEAD15392EA0C0F93EA45
:100870000C0F69D0A2EB030280EA010C49024FEA97
:10088000402037D04FF0805343EA111143EA101350
:100890000CF000408B4238BF5B0042F17D024FF408
:1008A000000C8B4224BF5B1A40EA0C00B3EB510FE3
:1008B00024BFA3EB510340EA5C00B3EB910F24BFCC
:1008C000A3EB910340EA9C00B3EBD10F24BFA3EB51
:1008D000D10340EADC001B0118BF5FEA1C1CE0D119
:1008E000FD2A3FF650AF8B4240EBC25008BF20F0CC
:1008F000010070470CF0004C4CEA50207F32C2BF20
:10090000D2F1FF0340EAC250704740F400004FF0BC
:100910000003013A37E792F0000F00F0004C02BFED
:10092000400010F4000F013AF9D040EA0C0093F0B7
:10093000000F01F0004C02BF490011F4000F013B11
:10094000F9D041EA0C0195E70CEAD15392EA0C0F79
:1009500008D142027FF47DAF93EA0C0F7FF470AFB1
:10096000084676E793EA0C0F04D14B023FF44CAFF4
:1009700008466EE730F0004C18BF31F0004CCAD189
:1009800030F000427FF45CAF31F000437FF43CAFC5
:100990005FE700BF4FF0FF3C06E000BF4FF0010CE7
:1009A00002E000BF4FF0010C4DF804CD4FEA4002C9
:1009B0004FEA41037FEA226C18BF7FEA236C11D013
:1009C00001B052EA530C18BF90EA010F58BFB2EBC6
:1009D000030088BFC81738BF6FEAE17018BF40F046
:1009E000010070477FEA226C02D15FEA402C05D1FA
:1009F0007FEA236CE4D15FEA412CE1D05DF8040B7F
:100A0000704700BF844608466146FFE70FB5FFF711
:100A1000C9FF002848BF10F1000F0FBD4DF808EDC9
:100A2000FFF7F4FF0CBF012000205DF808FB00BFBA
:100A30004DF808EDFFF7EAFF34BF012000205DF814
:100A400008FB00BF4DF808EDFFF7E0FF94BF012061
:100A500000205DF808FB00BF4DF808EDFFF7D2FF5E
:100A600094BF012000205DF808FB00BF4DF808EDA1
:100A7000FFF7C8FF34BF012000205DF808FB00BF6E
:100A8000844641EA000313F0030349D1403A23D3DB
:100A90000B6803604B6843608B688360CB68C360FE
:100AA0000B6903614B6943618B698361CB69C361E6
:100AB0000B6A03624B6A43628B6A8362CB6AC362CE
:100AC0000B6B03634B6B43638B6B8363CB6BC363B6
:100AD00040304031403ADBD230320BD30B680360F8
:100AE0004B6843608B688360CB68C3601030103103
:100AF000103AF3D20C3205D351F8043B40F8043BD2
:100B0000043AF9D2043208D0D2071CBF11F8013BD5
:100B100000F8013B01D30B8803806046704700BF9B
:100B2000082A13D38B07B1D010F00303AED0C3F162
:100B30000403D21ADB071CBF11F8013B00F8013B8C
:100B4000A4D331F8023B20F8023B9FE7043AD9D303
:100B5000013A11F8013B00F8013BF9D20B78037020
:100B60004B7843708B7883706046704770B54FF058
:100B7000FF0C4CF4E06C1CEA11541DBF1CEA135529
:100B800094EA0C0F95EA0C0F00F0DEF82C4481EA91
:100B9000030621EA4C5123EA4C5350EA013518BFB1
:100BA00052EA033541F4801143F4801338D0A0FB9E
:100BB00002CE4FF00005E1FB02E506F00042E0FB4B
:100BC00003E54FF00006E1FB03569CF0000F18BF51
:100BD0004EF0010EA4F1FF04B6F5007F64F54074F9
:100BE00004D25FEA4E0E6D4146EB060642EAC6218C
:100BF00041EA55514FEAC52040EA5E504FEACE2EF9
:100C0000B4F1FD0C88BFBCF5E06F1ED8BEF1004FFB
:100C100008BF5FEA500E50F1000041EB045170BD77
:100C200006F0004646EA010140EA020081EA0301BB
:100C3000B4EB5C04C2BFD4EB0C0541EA045170BDB7
:100C400041F480114FF0000E013C00F3AB8014F131
:100C5000360FDEBF002001F0004170BDC4F100047A
:100C6000203C35DA0C341BDC04F11404C4F12005FB
:100C700000FA05F320FA04F001FA05F240EA020056
:100C800001F0004221F0004110EBD37021FA04F68C
:100C900042EB06015EEA430E08BF20EAD37070BD46
:100CA000C4F10C04C4F1200500FA04F320FA05F0A5
:100CB00001FA04F240EA020001F0004110EBD370A7
:100CC00041F100015EEA430E08BF20EAD37070BD17
:100CD000C4F1200500FA05F24EEA020E20FA04F3F0
:100CE00001FA05F243EA020321FA04F001F000419F
:100CF00021FA04F220EA020000EBD3705EEA430E10
:100D000008BF20EAD37070BD94F0000F0FD101F03E
:100D10000046400041EB010111F4801F08BF013C77
:100D2000F7D041EA060195F0000F18BF704703F0B5
:100D30000046520043EB030313F4801F08BF013D3C
:100D4000F7D043EA0603704794EA0C0F0CEA1355F8
:100D500018BF95EA0C0F0CD050EA410618BF52EAB2
:100D60004306D1D181EA030101F000414FF00000B8
:100D700070BD50EA410606BF1046194652EA4306C6
:100D800019D094EA0C0F02D150EA013613D195EA3A
:100D90000C0F05D152EA03361CBF104619460AD182
:100DA00081EA030101F0004141F0FE4141F470018C
:100DB0004FF0000070BD41F0FE4141F4780170BD7C
:100DC00070B54FF0FF0C4CF4E06C1CEA11541DBFE1
:100DD0001CEA135594EA0C0F95EA0C0F00F0A7F8E3
:100DE000A4EB050481EA030E52EA03354FEA013110
:100DF00000F088804FEA03334FF0805545EA131323
:100E000043EA12634FEA022245EA111545EA1065EA
:100E10004FEA00260EF000419D4208BF964244F181
:100E2000FD0404F5407402D25B084FEA3202B61AA0
:100E300065EB03055B084FEA32024FF480104FF474
:100E4000002CB6EB020E75EB030E22BFB61A7546E8
:100E500040EA0C005B084FEA3202B6EB020E75EB7B
:100E6000030E22BFB61A754640EA5C005B084FEAE3
:100E70003202B6EB020E75EB030E22BFB61A7546B0
:100E800040EA9C005B084FEA3202B6EB020E75EBBB
:100E9000030E22BFB61A754640EADC0055EA060E7C
:100EA00018D04FEA051545EA16754FEA06164FEABF
:100EB000C30343EA52734FEAC2025FEA1C1CC0D16B
:100EC00011F4801F0BD141EA00014FF000004FF0F8
:100ED000004CB6E711F4801F04BF01430020B4F1B9
:100EE000FD0C88BFBCF5E06F3FF6AFAEB5EB030C71
:100EF00004BFB6EB020C5FEA500C50F1000041EB6E
:100F0000045170BD0EF0004E4EEA113114EB5C043A
:100F1000C2BFD4EB0C0541EA045170BD41F480110D
:100F20004FF0000E013C90E645EA060E8DE60CEA15
:100F3000135594EA0C0F08BF95EA0C0F3FF43BAF32
:100F400094EA0C0F0AD150EA01347FF434AF95EAE9
:100F50000C0F7FF425AF104619462CE795EA0C0FCD
:100F600006D152EA03353FF4FDAE1046194622E79A
:100F700050EA410618BF52EA43067FF4C5AE50EA74
:100F800041047FF40DAF52EA43057FF4EBAE12E764
:100F90004FF0FF3C06E000BF4FF0010C02E000BF45
:100FA0004FF0010C4DF804CD4FEA410C7FEA6C5C28
:100FB0004FEA430C18BF7FEA6C5C1BD001B050EACB
:100FC000410C0CBF52EA430C91EA030F02BF90EAB6
:100FD000020F0020704710F1000F91EA030F58BF75
:100FE000994208BF90422CBFD8176FEAE37040F0D7
:100FF000010070474FEA410C7FEA6C5C02D150EA75
:10100000013C07D14FEA430C7FEA6C5CD6D152EA2F
:10101000033CD3D05DF8040B704700BF84461046F4
:1010200062468C461946634600E000BF01B5FFF7F3
:10103000B7FF002848BF10F1000F01BD4DF808EDC3
:10104000FFF7F4FF0CBF012000205DF808FB00BF94
:101050004DF808EDFFF7EAFF34BF012000205DF8EE
:1010600008FB00BF4DF808EDFFF7E0FF94BF01203B
:1010700000205DF808FB00BF4DF808EDFFF7CEFF3C
:1010800094BF012000205DF808FB00BF4DF808ED7B
:10109000FFF7C4FF34BF012000205DF808FB00BF4C
:1010A0004FEA410C7FEA6C5C02D150EA013C0AD164
:1010B0004FEA430C7FEA6C5C02D152EA033C02D156
:1010C0004FF0000070474FF0010070470348044B99
:1010D000834202D0034B03B1184770470407002036
:1010E00004070020000000000548064B1B1AD90F1A
:1010F00001EBA301491002D0034B03B1184770471D
:1011000004070020040700200000000010B5064C72
:10111000237843B9FFF7DAFF044B13B10448AFF368
:1011200000800123237010BD040700200000000090
:1011300058A0000808B5054B1BB105490548AFF399
:101140000080BDE80840FFF7CFBF00BF00000000EF
:101150000807002058A0000808B5024B186001F0ED
:10116000A3F908BD2407002008B5034B186808B18F
:1011700001F05CF808BD00BF24070020164B1B6877
:1011800043B370B50024264605E0134B186801F000
:1011900071F90134E4B2114B1D7BA5420ED90E4DFD
:1011A000286801F043F80A21286800F095FE00281D
:1011B000EBD1286800F052FF0644E6E73046FFF71F
:1011C00041FA04462846FFF741FA01462046FFF758
:1011D00045FB70BD0020704724070020040000205C
:1011E00038B5FFF7CBFF01460A4D2868FFF782FAB2
:1011F00004466868FFF726FA01462046FFF72EFBF3
:10120000054B1968FFF776FA044B1968FFF76AF97E
:1012100038BD00BF0400002000000020200700208F
:1012200008B5FFF7DDFF0249FFF718FB08BD00BF57
:10123000D7A3903F00B583B002460B464FF0FF3175
:1012400000917821024801F0ABFD03B05DF804FB8A
:10125000140C002008B5034B587002211846FFF704
:10126000E9FF08BDB007002008B54FF480620021F7
:10127000014802F0D9FF08BDB407002038B5104B73
:1012800040221A70002418E0A4F15000C0B2FFF709
:10129000E1FF0220FFF7DEFF1020FFF7DBFF094D23
:1012A0008022094901EBC4112846FFF7E9FB81219F
:1012B000681EFFF7BFFF0134E4B2072CE4D938BD44
:1012C0002C0700202D070020B407002008B5AE2011
:1012D000FFF7C0FF0220FFF7BDFF1020FFF7BAFFA6
:1012E0004020FFF7B7FFB020FFF7B4FF8120FFF7E2
:1012F000B1FFCF20FFF7AEFFA120FFF7ABFFA62085
:10130000FFF7A8FFA820FFF7A5FF3F20FFF7A2FFE8
:10131000AD20FFF79FFF8B20FFF79CFF3320FFF7E7
:1013200099FFC820FFF796FFD320FFF793FF002017
:10133000FFF790FFD520FFF78DFFC020FFF78AFF52
:10134000D920FFF787FF1F20FFF784FFDA20FFF780
:1013500081FF1220FFF77EFFDB20FFF77BFF40209D
:10136000FFF778FFFFF780FFFFF788FFAF20FFF759
:1013700071FF08BD30B59DF8104007282FD811F037
:10138000800F2CD10CB1D243D2B29DF80C40013465
:10139000FF2505FA04F464B252B244EA020CC3F128
:1013A000080E45FA0EF54CEA050C5FFA8CFC0C4D64
:1013B00085F800C00B4B03EBC010435C0CEA030C38
:1013C00000F801C022EA04036FF0FF0242FA0EF2B5
:1013D0001340DBB22B704CEA030C00F801C030BDA7
:1013E00028070020B40700202DE9F04383B006460B
:1013F00090461C469DF82890CF0801F007052B4425
:10140000082B1EDDAA40CDF80490072300932B463D
:10141000D2B201463846FFF7ADFFC5F1080248FADF
:1014200002F22C44E4B2CDF80490093CE4B20094FA
:101430000023D2B23146781CFFF79CFF03B0BDE811
:10144000F083AA402C44E4B2CDF80490013CE4B20D
:1014500000942B46D2B201463846FFF78BFFEDE7EA
:101460002DE9F04182B0064615469846CF0801F0B6
:101470000704A2400193072300932346D2B20146FA
:101480003846FFF777FF14B902B0BDE8F081C4F128
:10149000080345FA03F2CDF80480013CE4B200945D
:1014A0000023D2B23146781CFFF764FFECE72DE948
:1014B000F04F85B08046894692461E469DF83830EA
:1014C0009DF83CB0DF0803F0070202920025039369
:1014D00012E006FB045209EBC40105EB08005B4671
:1014E0001AF80220C9B2C0B2FFF7BAFF0134E4B261
:1014F000BC42EED30135EDB2B54201D20024F7E78C
:10150000039B029ABAB106FB07F700241D4610E0C0
:101510003A1925F00701494404EB0800CDF800B062
:10152000029B1AF80220C9B2C0B2FFF75DFF013476
:10153000E4B2B442ECD305B0BDE8F08F70B582B030
:101540005D68203A1C7804F1070C4FEAEC0C5B78DC
:1015500003FB0CFC9DF81860019600940CFB0252F2
:10156000FFF7A5FF02B070BD2DE9F04182B005463E
:101570000F4614461E469DF820800AE0CDF80080F4
:10158000334639462846FFF7D9FF70782844C5B25C
:1015900001342278002AF1D102B0BDE8F0810000C8
:1015A00070B58AB005460E4610461C460A2B00D977
:1015B0000A24FEF711FFCDE900012346074A202146
:1015C00002A802F0A3FD9DF83C3000930E9B02AAF6
:1015D00031462846FFF7C8FF0AB070BDA0A2000838
:1015E000054B18604268054B5A60054B00221A6093
:1015F0005A609A601A737047E00B0020C00B0020FD
:10160000D00B002008B5064B186838B1082102F04D
:10161000B1FB0C21024B186802F0ACFB08BD00BF07
:10162000E00B002010B5082102F011F90E4B1860F4
:101630000E4B1B689BB10C490B680C4A10681B1AB7
:1016400009681268914205D2074B1B68074A126865
:101650009B1A013B064C236000F024FCA060024B67
:101660001A68024B1A6010BDB80B0020BC0B00209A
:10167000D00B002008B50C2102F0E9F80C4B1860E3
:101680000C4B1B6893B10A490B680A4A10681B1A75
:1016900009681268914205D2054B1B68054A126819
:1016A0009B1A013B044A53600123137308BD00BF1A
:1016B000B40B0020B80B0020D00B002038B50D4B28
:1016C0001C68A4B10C4B5868FEF7BCFF4FF07E516C
:1016D000FEF708FF01460948FFF7C0F80546204617
:1016E000FEF7B0FF01462846FFF7B8F838BD0020E6
:1016F000FCE700BFD00B0020C00B00204054894CF9
:1017000038B50A4B1C6874B15868FEF79BFF08494E
:10171000FEF7F0FF05462046FEF794FF01462846F7
:10172000FFF79CF838BD0020FCE700BFD00B00207D
:101730000000C84200B585B00023019302930393D3
:101740001148124A026083600122027303754FF44C
:101750006021C1614360026100F008FE68B90323A3
:101760000193012302930023039301A9064800F08B
:1017700079FC28B905B05DF804FB00F02DF9EEE71F
:1017800000F02AF9F6E700BFE40B00200024014036
:1017900000B587B000230293039304930593026876
:1017A000114B9A4202D007B05DF804FB03F56C437D
:1017B0009A6942F400729A619A6902F40072009286
:1017C000009A9A6942F004029A619B6903F004034B
:1017D0000193019B082302930323039302A9034867
:1017E00000F05AFFDFE700BF00240140000801407D
:1017F00030B589B0002404940594069407941D4BD9
:101800009A6942F010029A619A6902F010020092FD
:10181000009A9A6942F020029A619A6902F02002C5
:101820000192019A9A6942F004029A619A6902F05F
:1018300004020292029A9A6942F008029A619B6934
:1018400003F008030393039B0B4D22464FF4005112
:10185000284601F02FF84FF4005304930123059319
:1018600006940223079304A9284600F015FF09B047
:1018700030BD00BF001002400010014008B50B4809
:101880000B4B03600B4B436000238360C3604FF43A
:101890008042026143618361C361036201F0A2F986
:1018A00000B908BD00F098F8FBE700BF140C002059
:1018B00000540040801A060010B586B00023029341
:1018C0000393049305930268154B9A4201D006B026
:1018D00010BD144CA36943F00803A361A36903F08E
:1018E00008030093009B4FF4407302931223039369
:1018F0000323059302A90C4800F0CEFE0B4A53685F
:1019000043F0E06343F002035360E36943F40013E0
:10191000E361E36903F400130193019BD7E700BF80
:101920000054004000100240000C01400000014043
:1019300010B5FFF767FEFFF7C1FE04461049FFF739
:1019400077F848B10F4B00221A700F492046FFF775
:101950008DF880B9204610BD09492046FFF786F86A
:101960000028F7D006492046FEF778FF0446054BCD
:1019700001221A70EEE7034B02221A70EAE700BF59
:1019800000007A44680C00200024744908B5FFF771
:1019900039FEFFF7B5FE08BD08B5FFF7E5FBFFF719
:1019A0003FFC0249FEF7A6FE08BD00BF00007A44D6
:1019B00008B50268074B9A4200D008BD037F042B8C
:1019C00004D0082BF9D1FFF755FEF6E7FFF72AFE02
:1019D000F3E700BF002C014072B6FEE700B595B0FA
:1019E000282200210DEB020002F01EFC00230593CB
:1019F0000693079308930993019302930393049327
:101A000001220A924FF480330B930E92022211921C
:101A100012934FF4E01313930AA801F093FAC8B994
:101A20000F23059302210691002307934FF4806250
:101A30000892099305A801F0B7FC68B90223019345
:101A40004FF40043039301A801F08AFD30B915B0AB
:101A50005DF804FBFFF7C0FFFFF7BEFFFFF7BCFF19
:101A600000B583B000F000FAFFF7B8FFFFF7C0FE43
:101A7000FFF704FF00F018F9FFF75CFE142000F0F8
:101A800017FA3448FFF7ACFDFFF720FCFFF7ECFB3B
:101A90003148FFF761FBFFF7E7FB304D002400946E
:101AA0002B462F4A21462046FFF75EFDFFF740FFF9
:101AB000024601940095022321461E20FFF770FD87
:101AC000284B197800942B46274A52F821202146AA
:101AD0005020FFF749FDC82000F0EAF900942B469A
:101AE000224A16212046FFF73FFDC82000F0E0F90A
:101AF000FFF74CFF024601940095022316211E2099
:101B0000FFF74EFD00942B46194A16215020FFF78F
:101B10002BFDC82000F0CCF900942B46154A2C214F
:101B20002046FFF721FDC82000F0C2F9FFF734FF7F
:101B300002460194009502232C211E20FFF730FD60
:101B400000942B460C4A2C215020FFF70DFDFFF787
:101B500095FBA0E7700C0020E40B002070A00008AB
:101B6000A8A20008680C002014000020B0A2000801
:101B7000B8A20008BCA20008C4A2000882B00E4BA4
:101B80009A6942F001029A619A6902F00102009298
:101B9000009ADA6942F08052DA61DB6903F080531F
:101BA0000193019B054A536823F0E06343F00073FF
:101BB000536002B0704700BF0010024000000140B7
:101BC000FEE7FEE7FEE7FEE7FEE770477047704777
:101BD00008B500F05BF908BD08B5024801F054FEF5
:101BE00008BD00BF700C00200120704708B502F04E
:101BF000BFFB162303604FF0FF3008BD08B54FF060
:101C0000FF31FFF7F3FFFEE770B50C4616460025DF
:101C100006E0AFF30080214601F8010B01350C46C8
:101C2000B542F6DB304670BD70B50C461646002551
:101C300004E014F8010BAFF300800135B542F8DB86
:101C4000304670BD4FF0FF3070474FF400534B608B
:101C500000207047012070470020704710B50346F0
:101C60000C4A0D490D48006840B10C480068034417
:101C7000521A934206D8094A136010BD0748084C0F
:101C80000460F2E702F074FB0C2303604FF0FF30B6
:101C9000F3E700BF00500020000400006C0C00209F
:101CA000D00F00207047000000B58BB000230693D2
:101CB0000793089309930493059300930193029368
:101CC00003932648264A02604722426083604FF60B
:101CD000FF72C26003614361836101F0C7FE58BBBC
:101CE0004FF48053069306A91C4801F0B5FF30BBA2
:101CF0001A4801F0E7FE28BB00230493059304A9CA
:101D0000164802F0DBF800BB002300930122019289
:101D10000293039308226946104801F02BFFB8B9DB
:101D20000223009301930C2269460C4801F022FF24
:101D300088B90BB05DF804FBFFF74EFED0E7FFF764
:101D40004BFED5E7FFF748FED6E7FFF745FEDBE79A
:101D5000FFF742FEE4E7FFF73FFEEAE7700C0020E2
:101D6000002C014000B587B0002302930393049335
:101D700005930268144B9A4202D007B05DF804FB49
:101D800003F564439A6942F400629A619A6902F425
:101D900000620092009A9A6942F004029A619B697B
:101DA00003F004030193019B4FF48063029302A9A3
:101DB000064800F071FC002211461B2000F03AFC9E
:101DC0001B2000F047FCD8E7002C01400008014030
:101DD000FFF768FF0B480C490C4A002302E0D45877
:101DE000C4500433C4188C42F9D3094A094C002367
:101DF00001E013600432A242FBD302F0BFFAFFF706
:101E00002FFE7047000000200407002010A70008E4
:101E100004070020D00F0020FEE7000010B50446A4
:101E20000E4B1A784FF47A73B3FBF2F30C4A106836
:101E3000B0FBF3F000F01CFC68B90F2C01D90120B5
:101E40000AE0002221464FF0FF3000F0F3FB054B83
:101E50001C60002000E0012010BD00BF2400002015
:101E6000200000202800002008B5074A136843F02E
:101E700010031360032000F0CBFB0F20FFF7CEFF11
:101E8000FFF77CFE002008BD00200240034A1168D5
:101E9000034B1B780B441360704700BFB80C002045
:101EA00024000020014B1868704700BFB80C0020C8
:101EB00038B50446FFF7F6FF0546B4F1FF3F02D000
:101EC000044B1B781C44FFF7EDFF401BA042FAD3E4
:101ED00038BD00BF24000020F0B583B005460C4695
:101EE00000230193FFF7DEFF2B689A6812F4807FCE
:101EF00023D107465A6812F4807F03D1DB6A13F4BA
:101F0000700F29D0504B1E68022001F0B5FBB6FBC4
:101F1000F0F62B6819694D4A114236D1D96802F1A1
:101F20005C42114231D11969494A114240D1DA6803
:101F3000484B1A423ED0292341E0AB6A43F02003CC
:101F4000AB62002385F82430012003B0F0BD2B687C
:101F50001B6813F0020F0FD02B681B6813F0020FE1
:101F60004FD1B4F1FF3FF7D0002CF0D0FFF79AFF2C
:101F7000C31BA342F0D9EAE7AB6A43F00403AB62A8
:101F8000002385F824300320DFE71969304A114225
:101F900004D1D96802F16E4211420DD019692E4A5E
:101FA0000A405AB9DA682C4B13405BB1FC2306E0B7
:101FB000292304E0142302E0542300E0FC2303FB64
:101FC00006F607E05423FAE7019BB34210D3019BC6
:101FD00001330193019BB34213D2B4F1FF3FF6D01A
:101FE000002CF1D0FFF75EFFC01BA042EFD9EBE75A
:101FF000AB6A43F00403AB62002385F8243003206E
:10200000A3E72B686FF012021A60AB6A43F4007307
:10201000AB622B689B6803F46023B3F5602F01D09B
:10202000002092E7287B60B9AB6A23F48073AB622F
:10203000AB6A13F4805F88D1AB6A43F00103AB62F3
:1020400083E7002081E700BF20000020244992247C
:102050009224491292244900499224000368D86CC2
:102060007047000030B482B00022019290F8242022
:10207000012A00F08F800346012280F824204A685C
:10208000062A2DD80468606B02EB8202053A4FF0F5
:102090001F0C0CFA02FC20EA0C000D6805FA02F293
:1020A000024362630A68092A38D91C68E06802EBB7
:1020B00042021E3A4FF0070C0CFA02FC20EA0C0018
:1020C0008D6805FA02F20243E2600A68103A012ABA
:1020D00034D90020002283F8242002B030BC70479D
:1020E0000C2A0DD80568286B02EB8202233A1F24C4
:1020F000944020EA04000C68944020432863D1E710
:102100000568E86A02EB8202413A1F24944020EA03
:1021100004000C6894402043E862C3E71C6820690F
:1021200002EB42024FF0070C0CFA02FC20EA0C0012
:102130008D6805FA02F202432261C6E71A68164862
:10214000824205D09A6A42F020029A620120C1E7D9
:10215000906810F4000F1BD1906840F4000090606C
:102160000A68102A01D00020B4E70C4A12680C4912
:10217000A1FB0212920C02EB82025200019202E0D9
:10218000019A013A0192019A002AF9D10020A1E7AF
:1021900000209FE70220A0E700240140200000204B
:1021A00083DE1B4330B583B00023019303689A6834
:1021B00012F0010F33D104469A6842F001029A608E
:1021C000184B1B68184AA2FB03239B0C019302E0E7
:1021D000019B013B0193019B002BF9D1FFF762FEAC
:1021E000054623689B6813F0010F16D1FFF75AFECE
:1021F000431B022BF5D923689B6813F0010FF0D124
:10220000A36A43F01003A362E36A43F00103E362AD
:10221000002384F82430012002E0002000E00020A8
:1022200003B030BD2000002083DE1B4390F8243033
:10223000012B68D010B50446012380F82430FFF745
:10224000B1FF00285BD1A36A23F4407323F001039C
:1022500043F48073A36223682C4A934227D0A26A76
:1022600022F48012A2625A6812F4806F05D0A26A2A
:1022700022F4405242F48052A262A26A12F4805FB9
:102280002BD0E26A22F00602E262002284F82420C7
:102290006FF002021A6023689A6802F46022B2F5B5
:1022A000602F1DD09A6842F480129A602AE0A2F54D
:1022B0008062526812F4702FD1D0A26A42F4801268
:1022C000A262134A526812F4806FD6D0A26A22F436
:1022D000405242F48052A262CFE70022E262D4E789
:1022E0000A4A934204D09A6842F4A0029A6009E034
:1022F000A2F58062526812F4702FD3D1F3E7002365
:1023000084F8243010BD0220704700BF002801402F
:102310000024014038B503689A6812F0010F01D11A
:10232000002038BD04469A6822F001029A60FFF747
:10233000B9FD054623689B6813F0010F13D0FFF722
:10234000B1FD431B022BF5D923689B6813F0010FE5
:10235000F0D0A36A43F01003A362E36A43F00103E1
:10236000E3620120DDE70020DBE7000000287BD0EE
:1023700070B50446836A002B4DD02046FFF7CAFF94
:10238000A36A13F0100369D1002867D1A26A22F46E
:10239000885222F0020242F00202A2626268E169FF
:1023A0000A43217B42EA4102A568B5F5807F02D04D
:1023B000012D36D01D46267D012E35D02668716848
:1023C00021F46941294371602568AE68274931408D
:1023D0001143A960A168B1F5807F01D0012902D124
:1023E0002369013B1B052568E96A21F470010B4351
:1023F000EB62236899681E4B0B409A4225D0A36A72
:1024000023F0120343F01003A362E36A43F00103D5
:10241000E362012027E0C36280F82430FFF7B8F9B7
:10242000ABE74FF48075C6E731B9A169013945EAD8
:10243000413141F40065C1E7A16A41F02001A16288
:10244000E16A41F00101E162B8E70023E362A36AB7
:1024500023F0030343F00103A36204E0A36A43F003
:102460001003A362012070BD01207047FDF7E1FF5A
:10247000FE0E1FFF90F82430012B13D010B5044638
:10248000012380F82430FFF745FF38B9A36A23F40D
:10249000885323F0010343F00103A362002384F86F
:1024A000243010BD0220704770B582B00023019324
:1024B00090F82430012B72D00446012380F8243098
:1024C000FFF728FF2046FFF76DFE054628B10023E1
:1024D00084F82430284602B070BDA36A23F48853E0
:1024E00023F0020343F00203A3622E4B1E68022076
:1024F00001F0C2F8B6FBF0F67600019602E0019B0F
:10250000013B0193019B002BF9D12268936843F0B2
:1025100008039360FFF7C6FC064623689A6812F02A
:10252000080F14D0FFF7BEFC801B0A28F5D92368DA
:102530009B6813F0080FF0D0A36A23F0120343F056
:102540001003A362002384F824300125C2E79A68AF
:1025500042F004029A60FFF7A5FC064623689B68D8
:1025600013F0040F14D0FFF79DFC801B0A28F5D947
:1025700023689B6813F0040FF0D0A36A23F01203C2
:1025800043F01003A362002384F824300125A1E75F
:10259000A36A23F0030343F00103A36297E7022534
:1025A00098E700BF20000020002808DB0901C9B21D
:1025B00000F1604000F5614080F80013704700F0C2
:1025C0000F000901C9B2014B1954704714ED00E026
:1025D00000B500F00700C0F1070CBCF1040F28BFE4
:1025E0004FF0040C031D062B0FD9C31E4FF0FF3E06
:1025F0000EFA0CF021EA000199400EFA03FE22EADD
:102600000E0241EA02005DF804FB0023EEE7000041
:10261000074AD36823F4E0631B041B0C000200F498
:10262000E060034343F0BF6343F40033D36070477B
:1026300000ED00E010B50446054BD868C0F3022059
:10264000FFF7C6FF01462046FFF7AEFF10BD00BFF3
:1026500000ED00E0002807DB00F01F024009012325
:102660009340024A42F82030704700BF00E100E08A
:102670000138B0F1807F0BD24FF0E0235861054A5A
:10268000F02182F823100020986107221A61704718
:102690000120704700ED00E070B582B00024A44630
:1026A000A1E07E4DAB4214D00CD8A5F58015AB420D
:1026B0000FD005F57025AB420BD0A5F58015AB42C8
:1026C00010D106E0764DAB4203D005F58035AB4224
:1026D00008D18B68002B50D0012B49D042610824CF
:1026E00000E0CC68BEF1FF0F49D806464FEA8C02E5
:1026F00033680F25954023EA050304FA02F21343D9
:1027000033604B6813F0805F6BD0664B9A6942F080
:1027100001029A619B6903F001030193019B4FEA57
:102720009C02951C604B53F825600CF00305AD002E
:102730000F23AB4026EA03065C4B984226D003F5F4
:102740008063984200F08C8003F58063984200F02B
:10275000898003F58063984216D0042317E0CC6883
:102760000434BFE7CC680834BCE7CC680C34B9E764
:1027700002610824B6E70024B4E70424B2E7061D8A
:10278000ACF108029200B3E7032300E00023AB4062
:1027900033430232444D45F822304B6813F4801F16
:1027A00062D0434A936843EA0E0393604B6813F484
:1027B000001F5FD03E4AD36843EA0E03D3604B68E4
:1027C00013F4003F5CD03A4A536843EA0E03536067
:1027D0004B6813F4803F59D0354A136843EA0E031F
:1027E00013600CF1010C0B6833FA0CF254D0012287
:1027F00002FA0CF203EA020E32EA0303F1D14B684B
:10280000122B3FF64EAF122B3FF66CAF01A555F8D9
:1028100023F000BFD3260008E32600086527000840
:1028200077270008E5260008E5260008E5260008C9
:10283000E5260008E5260008E5260008E52600084C
:10284000E5260008E5260008E5260008E52600083C
:10285000E5260008E52600085F2700086B2700082A
:10286000012394E7022392E7114A936823EA0E03B7
:1028700093609BE70E4AD36823EA0E03D3609EE77A
:102880000B4A536823EA0E035360A1E7084A136812
:1028900023EA0E031360A4E702B070BD000022100B
:1028A000000031100010024000000140000801400B
:1028B000000401400AB101617047090401617047D9
:1028C00003685A6912F4806F01D1002070476FF4D9
:1028D00080625A6100230363202280F83D2080F843
:1028E0003E30026C42F00402026480F83C30012069
:1028F00070472DE9F04106460C46174698463BE0E6
:10290000FFF7D0FA069BC01A404502D8B8F1000F75
:1029100032D1012D18D033689B6924EA03039BB29E
:10292000B3FA83F35B099F4226D10023336320224D
:1029300086F83D2086F83E30326C42F02002326448
:1029400086F83C30012027E033685B6924EA030302
:102950009BB2B3FA83F35B09E5E733685B6924EA6A
:10296000030C1FFA8CFCBCFA8CFC4FEA5C1C67451C
:1029700011D1B8F1FF3FC3D1C4F30745012DECD00D
:1029800033689B6924EA030C1FFA8CFCBCFA8CFCAC
:102990004FEA5C1CEBE70020BDE8F0812DE9F8432D
:1029A00005460E469046994653E01A6842F4007276
:1029B0001A602B686FF480625A6100232B63202217
:1029C00085F83D2085F83E302A6C42F004022A64E6
:1029D00085F83C3001204AE0FFF764FAA0EB0900DB
:1029E000404502D8B8F1000F33D1012F17D02B6822
:1029F0009B6926EA03039BB2003B18BF012343B344
:102A000000232B63202285F83D2085F83E302A6C78
:102A100042F020022A6485F83C30012027E02B6830
:102A20005B6926EA03039BB2003B18BF0123E6E77C
:102A30002B689C6926EA0404A4B2003C18BF012458
:102A4000A4B12B685A6912F4806FAED1B8F1FF3F80
:102A5000C2D1C6F30747012FEAD12B685C6926EA89
:102A60000404A4B2003C18BF0124E9E70020BDE83B
:102A7000F8830000F0B583B004460D4616461F46A5
:102A8000C36A082B0DD0012B0BD013F5803F08D063
:102A9000036B122B0AD10268136843F4807313602E
:102AA00004E02268136843F4807313600097334690
:102AB00000224FF001112046FFF71BFF80B9236968
:102AC000B3F5804F16D1236805F0FE051D613B4626
:102AD000324613492046FFF761FFF8B903B0F0BD55
:102AE00023681B6813F4807F02D04FF400732364C3
:102AF0000320F3E7EB11226803F0060343F0F00331
:102B000013613B46324607492046FFF747FF18B995
:102B10002368EDB21D61DAE70120DFE70120DDE780
:102B2000020001000800010070B504460D4616467B
:102B300023685B6913F0800F21D12046FFF7C0FEA8
:102B4000F8B9B5F1FF3FF3D0FFF7ACF9801BA8420D
:102B500001D8002DECD123685B6913F0800FE7D119
:102B600000232363202284F83D2084F83E30226C29
:102B700042F02002226484F83C30012000E0002072
:102B800070BD0120FCE770B504460D46164623686B
:102B90005B6913F0040F21D12046FFF791FEF8B9CD
:102BA000B5F1FF3FF3D0FFF77DF9801BA84201D8B4
:102BB000002DECD123685B6913F0040FE7D10023EB
:102BC0002363202284F83D2084F83E30226C42F0BA
:102BD0002002226484F83C30012000E0002070BD17
:102BE0000120FCE7002800F0CC8070B5044690F886
:102BF0003D30002B77D0242384F83D3022681368C1
:102C000023F0010313602268136843F40043136048
:102C10002268136823F40043136000F081FC6268AB
:102C20005A4B9A4264D85A4B98428CBF00230123D6
:102C3000002B40F0A8805749A1FB00318B0C256880
:102C40006A6822F03F0242EA91426A6021680A6A99
:102C500022F03F0266684D4DAE424FD80133134318
:102C60000B622168CA6922F44F4222F0FF026568B4
:102C7000464B9D424CD8431E6D00B3FBF5F3013328
:102C800040F6FC70034278D0C3F30B031A43CA61C9
:102C900021680B6823F0C003E269206A02431343F2
:102CA0000B6021688B6823F4034323F0FF03226940
:102CB000E068024313438B602168CB6823F0FF0375
:102CC0006269A06902431343CB602268136843F032
:102CD0000103136000202064202384F83D3020632A
:102CE00084F83E0070BD80F83C30FEF7E5FD82E7D9
:102CF000294B98428CBF0023012399E74FF4967526
:102D000005FB03F3254DA5FB03539B090133A6E700
:102D1000A668BEB9431E05EB450CB3FBFCF30133BB
:102D2000C3F30B03B3FA83F35B0943BBC6B9431E7A
:102D300005EB4505B3FBF5F30133C3F30B0343F494
:102D40000043A3E7431E05EB850C0CEB8C0CB3FB97
:102D5000FCF30133C3F30B03B3FA83F35B09E4E73A
:102D6000431E05EB850505EB8505B3FBF5F3013344
:102D7000C3F30B0343F4404388E7042386E70123AE
:102D800084E7012070470120ACE700BFA086010066
:102D90007F841E0083DE1B43FF083D00D34D62107D
:102DA0002DE9F04385B004460F46914698460C9EA7
:102DB000FFF778F8054694F83D00C0B2202804D00B
:102DC0000227384605B0BDE8F0830095192301229B
:102DD0004F492046FFF78DFD002840F0928094F87F
:102DE0003C30012B00F08F80012384F83C302368B5
:102DF0001A6812F0010F03D11A6842F001021A603A
:102E00002268136823F400631360212384F83D30A3
:102E1000102384F83E3000232364C4F82490A4F8DF
:102E20002A80638D23853B4BE3622B46324639462D
:102E30002046FFF71FFE0746002866D100230393B4
:102E400023685A6903929B690393039B11E0236CE7
:102E5000042B01D00127B4E72268136843F4007300
:102E60001360F7E72A4631462046FFF78CFE00281C
:102E70002ED1238D002B36D02A4631462046FFF72F
:102E800053FE0028E3D1626A236812781A61606AEF
:102E9000431C6362618D89B2013989B26185238DDA
:102EA000013B9BB223852268516911F0040FD9D0F0
:102EB000002BD7D043781361636A01336362638D5B
:102EC0009BB2013B9BB26385238D013B2385C9E700
:102ED000236C042B01D0012773E72268136843F4A5
:102EE00000731360F7E72268136843F400731360FC
:102EF000202384F83D30002384F83E3084F83C30B1
:102F00005FE702275DE702275BE7012759E700BF7C
:102F1000020010000000FFFF82B0084B1B68084A47
:102F2000A2FB03235B0A00FB03F3019300BF019B99
:102F30005A1E0192002BF9D102B0704720000020E8
:102F4000D34D6210002800F0F18170B582B00446C4
:102F5000036813F0010F2CD0994B5B6803F00C034E
:102F6000042B1DD0964B5B6803F00C03082B12D08A
:102F70006368B3F5803F41D0002B55D103F1804306
:102F800003F504331A6822F480321A601A6822F4B6
:102F900080221A6037E08A4B5B6813F4803FE7D0E9
:102FA000874B1B6813F4003F03D06368002B00F0CD
:102FB000BF81236813F0020F75D0814B5B6813F05B
:102FC0000C0F5FD07E4B5B6803F00C03082B54D0D2
:102FD0002369002B00F08A807A4B01221A60FEF7E9
:102FE00061FF0546764B1B6813F0020F75D1FEF7A3
:102FF00059FF401B0228F5D903209EE1704A13684F
:1030000043F480331360636843B3FEF74BFF054618
:103010006B4B1B6813F4003FCBD1FEF743FF401B03
:103020006428F5D9032088E1B3F5A02F09D0644BBB
:103030001A6822F480321A601A6822F480221A6018
:10304000E1E703F18043A3F53C331A6842F48022A0
:103050001A601A6842F480321A60D4E7FEF722FF41
:103060000546574B1B6813F4003FA2D0FEF71AFF2A
:10307000401B6428F5D903205FE1514B5B6813F4D2
:10308000803FA5D14E4B1B6813F0020F03D023697C
:10309000012B40F04F814A4A136823F0F80361691D
:1030A00043EAC1031360236813F0080F33D0A36908
:1030B000002B5CD0434B0122C3F88024FEF7F2FEC4
:1030C00005463F4B5B6A13F0020F21D1FEF7EAFE83
:1030D000401B0228F5D903202FE1394A136823F059
:1030E000F803616943EAC1031360DCE7354B002252
:1030F0001A60FEF7D7FE0546314B1B6813F0020F2E
:10310000D1D0FEF7CFFE401B0228F5D9032014E1F1
:103110000120FFF701FF236813F0040F00F09680F1
:10312000274BDB6913F0805F34D1254BDA6942F01D
:103130008052DA61DB6903F080530193019B012522
:10314000214B1B6813F4807F26D0E368012B3DD010
:10315000002B53D103F1804303F504331A6A22F0A4
:1031600001021A621A6A22F004021A6233E0154B55
:103170000022C3F88024FEF795FE0546104B5B6ADB
:1031800013F0020FC7D0FEF78DFE401B0228F5D9C1
:103190000320D2E00025D3E70B4A136843F4807381
:1031A0001360FEF77FFE0646074B1B6813F4807F13
:1031B000CBD1FEF777FE801B6428F5D90320BCE055
:1031C0000010024000004242007000405F4A136A53
:1031D00043F001031362E36833B3FEF763FE064670
:1031E0005A4B1B6A13F0020F2FD1FEF75BFE801BB8
:1031F00041F288339842F3D903209EE0052B09D091
:10320000524B1A6A22F001021A621A6A22F0040270
:103210001A62E0E74D4B1A6A42F004021A621A6A17
:1032200042F001021A62D6E7FEF73CFE0646474B23
:103230001B6A13F0020F08D0FEF734FE801B41F228
:1032400088339842F3D9032077E0E5B9E369002B8E
:1032500072D03E4A526802F00C02082A56D0022B65
:1032600017D03B4B00221A66FEF71CFE0446374B74
:103270001B6813F0007F47D0FEF714FE001B0228E6
:10328000F5D9032059E0314AD36923F08053D36143
:10329000DCE72F4B00221A66FEF704FE05462B4B97
:1032A0001B6813F0007F06D0FEF7FCFD401B0228D0
:1032B000F5D9032041E0236AB3F5803F1AD02349B2
:1032C0004B6823F47413226A606A024313434B6011
:1032D0001F4B01221A66FEF7E5FD04461B4B1B68D7
:1032E00013F0007F0ED1FEF7DDFD001B0228F5D99B
:1032F000032022E0154A536823F40033A1680B43EE
:103300005360DCE7002018E0002016E0012B16D007
:103310000E4B5B6803F48031226A914211D103F4B1
:103320007013626A93420ED1002006E001207047BC
:10333000012002E0012000E0002002B070BD012069
:10334000FBE70120F9E70120F7E700BF001002408A
:10335000000042420F4B5B6803F00C02082A01D0C8
:103360000D487047C3F383420C49885C13F4803FD7
:103370000BD0084B5B68C3F34043094AD35C064A51
:1033800002FB00F0B0FBF3F07047064B03FB00F0CC
:10339000704700BF0010024000127A0098A4000895
:1033A00094A4000800093D00002800F0A08070B53A
:1033B0000D460446524B1B6803F007038B420BD2A9
:1033C0004F4A136823F007030B431360136803F09D
:1033D00007038B4240F08D80236813F0020F17D053
:1033E00013F0040F04D0474A536843F4E06353607A
:1033F000236813F0080F04D0424A536843F4605323
:103400005360404A536823F0F003A1680B435360B4
:10341000236813F0010F31D06368012B20D0022BF9
:1034200025D0384A126812F0020F64D035494A6834
:1034300022F0030213434B60FEF734FD0646314B86
:103440005B6803F00C036268B3EB820F16D0FEF7E3
:1034500029FD801B41F288339842F0D9032045E0D2
:10346000284A126812F4003FE0D101203EE0254ACC
:10347000126812F0007FD9D1012037E0204B1B6881
:1034800003F00703AB420AD91D4A136823F0070370
:103490002B431360136803F00703AB422DD123685D
:1034A00013F0040F06D0174A536823F4E063E16871
:1034B0000B435360236813F0080F07D0114A536879
:1034C00023F46053216943EAC1035360FFF742FFCD
:1034D0000C4B5B68C3F303130B4AD35CD8400B4B14
:1034E00018600B4B1868FEF799FC002070BD012096
:1034F00070470120FAE70120F8E70120F6E700BF56
:10350000002002400010024084A400082000002097
:1035100028000020014B1868704700BF20000020E1
:1035200008B5FFF7F7FF044B5B68C3F30223034AB8
:10353000D35CD84008BD00BF001002407CA4000846
:1035400008B5FFF7E7FF044B5B68C3F3C223034AE8
:10355000D35CD84008BD00BF001002407CA4000826
:1035600070B582B00446036813F0010F36D03F4BAC
:10357000DB6913F0805F49D13C4BDA6942F080523D
:10358000DA61DB6903F080530193019B0125384B1D
:103590001B6813F4807F3BD0344B1B6A13F44073D9
:1035A00013D0626802F440729A420ED02F4A136A16
:1035B00023F440702F490126C1F840640026C1F869
:1035C0004064106213F0010F36D1284A136A23F4C5
:1035D000407361680B431362002D3ED1236813F0E2
:1035E000020F06D0214A536823F44043A1680B43DD
:1035F0005360236813F0100F34D01C4A536823F42F
:103600008003E1680B43536000202CE00025BEE7F7
:10361000174A136843F480731360FEF743FC0646B1
:10362000134B1B6813F4807FB6D1FEF73BFC801B65
:103630006428F5D9032016E0FEF734FC06460B4B50
:103640001B6A13F0020FC0D1FEF72CFC801B41F265
:1036500088339842F3D9032005E0D36923F08053DF
:10366000D361BBE7002002B070BD00BF0010024074
:10367000007000400000424208B502284ED01028D9
:1036800003D0012828D0002052E02B4B5A6818683C
:1036900010F080704CD0C2F383432849C85C12F408
:1036A000803F15D0244B5B68C3F34043244AD25C6F
:1036B000244BB3FBF2F303FB00F01F4B5B6813F4E6
:1036C000800F35D14000204BA3FB003040082FE095
:1036D0001E4B03FB00F0F0E7174B1B6A40F202326F
:1036E0001A40B2F5817F24D003F44073B3F5007F14
:1036F00004D0B3F5407F09D0002019E00E4A526A89
:1037000012F0020FF5D049F6404011E00A4B18685C
:1037100010F400300CD04FF2244009E0FFF710FF06
:10372000054B5B68C3F3813301335B00B0FBF3F0FF
:1037300008BD4FF40040FBE700100240ACA40008B5
:10374000A8A4000800127A00ABAAAAAA00093D00AA
:1037500010B4036A046A24F001040462846924F04A
:10376000F00C4CEA021223F00A030B43826103625D
:1037700010BC704730B4056A046A24F01004046277
:10378000846924F4407C4CEA022C2CF4704C1B031A
:103790009BB243EA0C0325F0A005090101F0A0014A
:1037A00029438361016230BC704710B4036A046A24
:1037B00024F010040462846924F4704C4CEA023250
:1037C00023F0A00343EA01138261036210BC704737
:1037D00030B4056A046A24F480740462C46924F075
:1037E000030C4CEA020C2CF0F00C1B01DBB243EA98
:1037F0000C0325F40075090201F400712943C3612B
:10380000016230BC704730B4056A046A24F4805405
:103810000462C46924F4407C4CEA022C2CF4704C01
:103820001B039BB243EA0C0325F40055090301F482
:1038300000512943C361016230BC7047836823F0A3
:1038400070030B4343F007038360704770470C29F4
:1038500014D8DFE801F0071313130A1313130D1321
:10386000131310000368586B70470368986B704718
:103870000368D86B70470368186C70470020704766
:10388000704770477047704770B504460368DE683C
:103890001D6915F0020F10D016F0020F0DD06FF059
:1038A00002021A610123037703689B6913F0030F77
:1038B0005ED0FEF77DF80023237715F0040F12D0B9
:1038C00016F0040F0FD023686FF004021A61022370
:1038D000237723689B6913F4407F4FD02046FEF77F
:1038E00067F80023237715F0080F12D016F0080FA1
:1038F0000FD023686FF008021A610423237723682E
:10390000DB6913F0030F40D02046FEF751F8002387
:10391000237715F0100F12D016F0100F0FD0236878
:103920006FF010021A61082323772368DB6913F410
:10393000407F31D02046FEF73BF80023237715F077
:10394000010F02D016F0010F2DD115F0800F02D01B
:1039500016F0800F2FD115F0400F02D016F0400F57
:1039600031D115F0200F02D016F0200F33D170BDE9
:10397000FFF787FF2046FFF785FF9CE72046FFF70C
:1039800080FF2046FFF77EFFABE72046FFF779FF79
:103990002046FFF777FFBAE72046FFF772FF204681
:1039A000FFF770FFC9E723686FF001021A61204634
:1039B000FFF766FFC9E723686FF080021A612046AF
:1039C00000F0B3FAC7E723686FF040021A6120469F
:1039D000FFF759FFC5E723686FF020021A61204600
:1039E00000F0A2FAC3E7000003681F4A90420AD021
:1039F000B0F1804F07D0A2F59432904203D002F587
:103A00008062904203D123F070034A681343164A40
:103A100090420AD0B0F1804F07D0A2F59432904284
:103A200003D002F58062904203D123F44073CA6848
:103A3000134323F080034A69134303608B68C36216
:103A40000B688362084B98420AD0012343610369E3
:103A500013F0010F03D0036923F0010303617047E2
:103A60000B690363F1E700BF002C014040B310B5C0
:103A7000044690F83D30F3B1022384F83D302146EE
:103A800051F8040BFFF7B0FF012384F8463084F8A7
:103A90003E3084F83F3084F8403084F8413084F878
:103AA000423084F8433084F8443084F8453084F858
:103AB0003D30002010BD80F83C30FEF753F9DBE7C5
:103AC0000120704740B310B5044690F83D30F3B183
:103AD000022384F83D30214651F8040BFFF784FFA0
:103AE000012384F8463084F83E3084F83F3084F86F
:103AF000403084F8413084F8423084F8433084F810
:103B0000443084F8453084F83D30002010BD80F802
:103B10003C30FFF79BFEDBE70120704770B4056A7D
:103B2000046A24F0010404628469114EB0420DD08D
:103B3000B0F1804F0AD0A6F59436B04206D006F513
:103B40008066B04202D044F0010202E024F0030497
:103B5000224322F0F0021B01DBB2134325F00A02DC
:103B600001F00A0111438361016270BC704700BF1C
:103B7000002C014038B590F83C30012B5ED0044653
:103B80000D46012380F83C300C2A52D8DFE802F0C1
:103B900007515151195151512C5151513E00CB688F
:103BA0004A6809680068FFF7B9FF2268936923F043
:103BB0000C03936122689369A9680B439361002009
:103BC00038E0CB684A6809680068FFF7D3FD2268CF
:103BD000936923F44063936122689369A96843EA77
:103BE00001239361002025E0CB684A6809680068DA
:103BF000FFF7EEFD2268D36923F00C03D36122683E
:103C0000D369A9680B43D361002013E0CB684A68ED
:103C100009680068FFF7F7FD2268D36923F4406361
:103C2000D3612268D369A96843EA0123D3610020E4
:103C300000E00120002384F83C3038BD0220FCE77E
:103C400010B4846824F47F4C42EA03220A4342EA17
:103C50000C02826010BC704790F83C30012B78D089
:103C600010B50446012380F83C30022380F83D3033
:103C70000268936823F47F4323F0770393600B6813
:103C8000602B4CD023D8402B54D011D8202B03D0FC
:103C90000AD80BB1102B05D119462068FFF7CEFDCD
:103CA000002028E0012026E0302BF5D0012022E082
:103CB000502B0AD1CA6849680068FFF749FD5021B6
:103CC0002068FFF7BBFD002015E0012013E0B3F5ED
:103CD000805F3AD0B3F5005F14D0702B37D1CB683A
:103CE0004A6889680068FFF7ABFF2268936843F071
:103CF000770393600020012384F83D30002384F88B
:103D00003C3010BDCB684A6889680068FFF798FFAF
:103D10002268936843F4804393600020EBE7CA680D
:103D200049680068FFF741FD60212068FFF786FDC4
:103D30000020E0E7CA6849680068FFF709FD4021F4
:103D40002068FFF77BFD0020D5E70020D3E70120A6
:103D5000D1E70220704701F01F014FF0010C0CFA6F
:103D600001FC036A23EA0C030362036A8A401343DB
:103D70000362704710B504460B46F1B990F83E0057
:103D8000C0B253BB94F84220D2B2012840F08E80DA
:103D9000012A40F08C8083BB022184F83E1084F815
:103DA00042100C2B00F28480DFE803F069828282EB
:103DB00041828282638282826F00042905D00829B1
:103DC00007D090F84100C0B2DBE790F83F00C0B2E6
:103DD000D7E790F84000C0B2D3E7042B05D0082BFA
:103DE00007D094F84520D2B2CFE794F84320D2B25E
:103DF000CBE794F84420D2B2C7E7042B0CD0082BB1
:103E00000ED0022184F84110042B0DD0082B2DD0A8
:103E1000022184F84510C4E7022184F83F10F3E73B
:103E2000022184F84010EFE7022284F84320216841
:103E3000CA6842F00402CA60012219462068FFF7EE
:103E40008AFF23681C4A934225D0B3F1804F22D0C9
:103E5000A2F5943293421ED002F5806293421AD0AA
:103E60001A6842F001021A60002020E0022284F861
:103E700044202168CA6842F00802CA60DCE7216871
:103E8000CA6842F00202CA60D6E72168CA6842F0F6
:103E90001002CA60D0E79A6802F00702062A09D029
:103EA0001A6842F001021A60002000E0012010BDF3
:103EB0001046FCE70020FAE7002C014090F83C2077
:103EC000012A2CD010B40346012280F83C200222A3
:103ED00080F83D2002685068946820F0700C0868F3
:103EE00040EA0C0050601A680E4882420AD0B2F1D3
:103EF000804F07D0A0F59430824203D000F5806057
:103F0000824204D124F08004496821439160012257
:103F100083F83D20002083F83C0010BC704702204D
:103F2000704700BF002C014070477047024A0349A8
:103F3000034800F0C9B800BF2C000020B16700089A
:103F4000400000200C4B416810B59942044601D056
:103F500002F02EFCA168094B994202D0204602F0E3
:103F600027FCE168064B994204D02046BDE810408A
:103F700002F01EBC10BD00BFBC0C0020240D0020B0
:103F80008C0D00202DE9F84300250423304C314AE4
:103F90003149DFF8C890DFF8C880324F324E1160E7
:103FA00004F15C0029460822C4E90335C4E9005540
:103FB000C4E90555A560656600F036F904F15800BE
:103FC000C4E90749C4E90987E66200F0FFF9274B15
:103FD0002946082204F1C4006367C4E91A55C4E9FC
:103FE0001E552567C4F8CC50C4F8805000F01CF969
:103FF00004F1680304F1C000C4F88430C4E92298D5
:10400000C4E9247600F0E2F9194B294604F59670CC
:104010000822C4F8DC30C4E93455C4E93855C4F882
:10402000D850C4F83451C4F8E85000F0FDF804F159
:10403000D003C4E93D87C4F8F09004F59470C4F847
:10404000FC60C4F8EC30BDE8F84300F0BFB900BF35
:10405000BC0C0020F40D00202D3F00089941000801
:10406000BD410008FD41000821420008090001008F
:104070001200020010B504460A4800F0ABF9636B69
:1040800023B9094B094A1B68626323B1BDE810409C
:10409000044800F0A1B9FFF775FFBDE810400148E2
:1040A00000F09AB9040E0020F40D0020453F0008EE
:1040B000014800F08FB900BF040E0020014800F055
:1040C0008BB900BF040E00202DE9F8434FF0000922
:1040D00080460F461646D6E90154013D10D4A38907
:1040E000012B08D9B4F90E30013304D021464046E3
:1040F000B84749EA0009013D6B1C04F16804EED1A0
:104100003668002EE7D14846BDE8F8830CB410B5F8
:10411000204B00291C689CB036DB4FF000034FF4A5
:1041200002721B934FF6FF7C02900690ADF81420AC
:104130001FAB16D001391E9A04910791204602A99F
:104140000193ADF816C000F071FD421C01DA8B231B
:1041500023600022029B1A701CB0BDE8104002B020
:1041600070470491079120461E9A02A90193ADF869
:1041700016C000F05BFD431C01DA8B2323601CB0EA
:10418000BDE8104002B070478B234FF0FF30236032
:10419000F5E700BF3800002010B50C46B1F90E104D
:1041A00000F0BAF8002803DB236D0344236510BD3B
:1041B000A38923F48053A38110BD00BF2DE9F041F2
:1041C0000C46B1F90C101F46CB05054616460BD41C
:1041D00021F48051A1813B4632462846B4F90E10A5
:1041E000BDE8F04100F0AEB8B4F90E100223002291
:1041F00000F07CF8B4F90C10EAE700BF10B50C46EB
:10420000B1F90E1000F072F8B4F90C30421C0EBF78
:1042100023F4805343F480532065A38110BD00BF75
:10422000B1F90E1000F050B870B5860747D0541E93
:10423000002A3ED00346CAB201E0013C39D303F85C
:10424000012B9D07F9D1032C2CD9CDB205EB052507
:104250000F2C1A4605EB054534D9A4F1100C2CF0AF
:104260000F0603F1100EB6444FEA1C1CC2E90055BC
:10427000C2E9025510327245F8D10CF1010214F076
:104280000C0F03EB021204F00F0C13D0ACF104037B
:1042900023F003030433134442F8045B9342FBD13D
:1042A0000CF003042CB1C9B21C4403F8011BA34257
:1042B000FBD170BD64461346002CF4D1F9E70346E8
:1042C0001446C0E7A446E1E7002238B5064D04468F
:1042D00008462A60FDF7B6FC431C00D038BD2B68A9
:1042E000002BFBD0236038BDF80D002038B50C46FC
:1042F000114600228446074D20462A601A4664462D
:10430000FDF7AAFC431C00D038BD2B68002BFBD066
:10431000236038BDF80D002038B50C461146002248
:104320008446074D20462A601A466446FDF76CFC19
:10433000431C00D038BD2B68002BFBD0236038BD58
:10434000F80D002038B50C46114600228446074D72
:1043500020462A601A466446FDF766FC431C00D0DE
:1043600038BD2B68002BFBD0236038BDF80D002032
:10437000014B1868704700BF3800002070B50F4B24
:104380000F4DAB42A3EB050607D00024B61055F83D
:10439000043B01349847A642F9D805F05DFE094D6B
:1043A000094B5E1BAB424FEAA60606D0002455F827
:1043B000043B01349847A642F9D870BD04A7000811
:1043C00004A7000804A700080CA70008704700BF56
:1043D000704700BF704700BF704700BF024B13B16A
:1043E000024800F005B8704700000000916A00081C
:1043F000002301461A46184602F01CBC2DE9F8437A
:1044000006460820894602F057FB0546DFF89880EB
:10441000304600F0FFFBD8F808305F6827F003074C
:10442000A7F11104A4EB09042C44B4FBF5F4013CFE
:1044300005FB04F4A54208DC0021304602F016FB1F
:10444000D8F808303B44984205D0304600F0E8FBED
:104450000020BDE8F8833046614202F007FB0130DE
:104460000FD0124AD8F808303F1B47F001075F60B1
:10447000136830461B1B136000F0D2FB0120BDE81F
:10448000F8830021304602F0F1FAD8F80820831AA8
:104490000F2BDADD43F001035360054B03491B6822
:1044A000C01A0860D1E700BF900100200C0E002068
:1044B0008401002000297CD0F8B50C46064600F0A7
:1044C000A9FB54F8043C764FA4F1080523F0010140
:1044D0006818D7F808C04268844522F0030200F04B
:1044E0008380DB07426000EB020C33D454F8084CA5
:1044F000DCF804302D1B2144AC6807F1080C64453E
:1045000003F0010364D0D5F80CE0C4F80CE0CEF859
:104510000840002B00F0818041F001036B600160D6
:10452000B1F5007F22D20122CB0849098A4079687F
:1045300001330A437A6057F8331007EBC302083A95
:10454000C5E9021247F83350CD603046BDE8F84067
:1045500000F066BBDCF80430DB072BD541F001032B
:10456000B1F5007F44F8043C0160DCD3B1F5206F65
:104570004FEA512353D28B0903F1390003F138027A
:10458000C300F818FB580838984203D161E09B68D3
:10459000984204D05A6822F003028A42F7D8D868B9
:1045A000C5E9023085603046DD60BDE8F84000F0C6
:1045B00037BB7047114407F1080C836863453FD04F
:1045C000C268DA60936041F001036B606950A7E74D
:1045D000002B5FD10A44D0E90213CB60996042F00E
:1045E00001036B60AA50B0E70A44D90707D454F816
:1045F000083CED1A1A44D5E90213CB60996042F0E9
:1046000001036B60274BBD601B6893429DD8264B0E
:1046100030461968FFF7F2FE97E71144CDE7142BF7
:1046200008D9542B1DD80B0B03F16F0003F16E0258
:10463000C300A6E703F15C0003F15B02C300A0E73F
:1046400041F00103C7E90455C5E902CC6B6069502C
:104650007BE70121921001FA02F279680A437A603D
:104660009EE7B3F5AA7F06D8CB0B03F1780003F1E0
:104670007702C30085E740F25452934206D88B0C70
:1046800003F17D0003F17C02C3007AE74FF47E73EF
:104690007E2276E741F001036B60016055E700BFC1
:1046A00090010020880100203C0E00202DE9F04FF1
:1046B00001F10B05162D064683B024D8102900F20F
:1046C000AD8000F0A7FA102518234FF0020CB84F68
:1046D0003B445C68A3F10802944200F01D8130461F
:1046E0006368E268A16823F00303CA602344916011
:1046F0005A68083442F001025A6000F091FA2046EC
:1047000003B0BDE8F08F35F0070500F18780A942BE
:1047100000F2848000F07EFAB5F5FC7FC0F06F8176
:104720006B0A7FD0042B00F21E81AB0903F1390C18
:1047300003F1380E4FEACC009D4F384444680838E6
:10474000A04207D10DE0002AE16880F2DF808842B4
:1047500007D00C46636823F003035A1B0F2AF2DDCF
:10476000F446DFF850823C69444500F0BC80636841
:1047700023F00309A9EB05030F2B00F34581002B60
:10478000C7E9048880F22F81B9F5007FD7F804E0EB
:1047900080F0C98001234FEAD9014FEA5919194421
:1047A00003FA09F357F831204EEA030E07EBC10371
:1047B000083BA260E360C7F804E047F83140D460EA
:1047C00001204FEAAC039840704532D810EA0E0F32
:1047D00007D12CF0030C400010EA0E0F0CF1040C72
:1047E000F9D007EBCC0AD646E146DEF80C300BE0F8
:1047F00059681C4621F003014A1B0F2ADB6800F3AD
:10480000BF80002A80F2E2809E45F1D109F10109C2
:1048100019F0030F0EF1080EE7D11FE10C233360EE
:1048200000246CE74FF400704FF0400C4FF03F0E47
:1048300082E7BC68636823F00309A94503D3A9EBA9
:1048400005030F2B52DC5C4B08201B6803F110089A
:1048500004EB0903009302F02FF9584A83461368CA
:10486000A844013305D008F1FF388044434203EAED
:1048700008084146304602F0F9F8B0F1FF3F8246A1
:104880004E4A00F0DC8004EB0903834200F2D5803D
:104890004B4B0BF1FF31186840448446186040F0E0
:1048A000FB801AEA010F40F0F780D7F808A0C8444F
:1048B00048F00102CAF804205446424B196881426C
:1048C00038BF1860404B1968814238BF186022F029
:1048D0000308A845A8EB050301D30F2B06DC3046DF
:1048E00000F09EF99CE7D7F804E069E7621943F00D
:1048F000010345F0010565603046BA600834536035
:1049000000F08EF9204603B0BDE8F08FA268304673
:10491000D16023448A60EBE6DC68A3427FF4DFAE1B
:104920000CF1020C1DE7B9F5206F4FEA59227DD337
:10493000142A00F2118102F15C03DB005B32F918EA
:10494000FB580839994203D1ECE09B68994204D0A6
:104950005A6822F003024A45F7D8D968C4E90231FF
:104960008C60DC602CE7142B6CD9542B00F2FD809A
:104970002B0B03F16F0C03F16E0E4FEACC00DBE65C
:10498000D4F808C03046661945F001056560CCF8DA
:104990000C30C3F808C042F00103C7E90466C6E959
:1049A00002887360625000F03BF90834A7E600BF4C
:1049B00090010020980100203C0E0020840100207E
:1049C0000C0E0020380E0020340E002021444A68CE
:1049D000304642F001024A6054F8082FD3609A60D2
:1049E00000F01EF98BE6A144D9F80430304643F0BC
:1049F0000103C9F8043000F013F908347FE64FEAE8
:104A0000D50C05F1080362E6621943F0010145F097
:104A1000010565603046C7E90422C2E90288516099
:104A200044F8093000F0FCF8083468E64FEA9912BF
:104A300002F13903DB00383281E7BC4224D0BC6884
:104A4000626844E703F15C0C03F15B0E4FEACC00B3
:104A500072E65AF80839534540F0D8801CF0030F2D
:104A60000CF1FF3CF5D17B6823EA00037B6040003A
:104A700098423FF6DEAE18B9DBE6400009F10409C2
:104A80001842FAD0CC46ACE6614B0BF1FF31186806
:104A900008EB000CC3F800C01068013070D004EBC4
:104AA0000902AAEB020262441A601AF00702CDE979
:104AB000002340D0C2F108029244D04408EA010029
:104AC0005A44121A02EA010B5946304601F0CEFF51
:104AD000421C019B71D0A0EB0A0000EB0B08186888
:104AE00048F001025844BC42C7F808A01860CAF850
:104AF00004203FF4E1AEB9F10F0F44D94FF0050C9B
:104B00006168A9F10C0222F0070201F001011143D2
:104B100061600F2A04EB0201C1E901CC55D8DAF833
:104B20000420C9E60120921000FA02F24EEA020EB9
:104B3000C7F804E012E70AEB08020A40ABEB0202F6
:104B400002EA010B5946304601F090FF431C019BDD
:104B5000C1D1DDF800B0C2E7542A18D84FEA1932A3
:104B600002F16F03DB006E32E9E6B3F5AA7F18D8D5
:104B7000EB0B03F1780C03F1770E4FEACC00DBE589
:104B8000C2F800A091E70123CAF80430A7E6B2F505
:104B9000AA7F25D84FEAD93202F17803DB007732B9
:104BA000CDE640F25452934225D8AB0C03F17D0C74
:104BB00003F17C0E4FEACC00BEE5009A4FF0000BEB
:104BC000083A9044A8EB0A0889E7304604F1080146
:104BD0000093FFF76FFC009BD7F808A018689EE7CA
:104BE00040F254539A420DD84FEA994202F17D03A4
:104BF000DB007C32A3E64FF47E704FF07F0C4FF069
:104C00007E0E99E54FF47E737E2298E67B682EE750
:104C10000C0E00200148FFF7DDBB00BFFC0D00209B
:104C20000148FFF7D9BB00BFFC0D00202DE9F04F74
:104C3000DDB00C4691460D910F93834601F012FFB3
:104C4000036818461A9301F091FF0822189000217A
:104C50002CA8FFF7E9FAA389180603D52369002BCE
:104C600000F01587002300249E46CDE93133002350
:104C700033AACDE91634DA4614464D46CDE91BEE8B
:104C80003092CDF864E0CDF880E0CDF874E0CDF856
:104C900028E0CDF848E02F466E4BD3F8E46001F0F1
:104CA000DBFE0DF1B00C03463A46504628A9CDF87C
:104CB00000C0B047002800F09F80C0F29580289B7C
:104CC000252B01D00744E7E7B7EB0508064640F07F
:104CD000978000224FF0FF33934609937B787E1C28
:104CE0008DF897200B9299460136A9F120035A2B93
:104CF00000F2B280DFE813F0F302B000B000EF0280
:104D0000B000B000B000FD02B000B0006A00350293
:104D1000B0002702D202B000CE025B005B005B0055
:104D20005B005B005B005B005B005B00B000B00001
:104D3000B000B000B000B000B0002801B000AA017F
:104D40003E02280128012801B000B000B000B000E8
:104D50003A02B000B000A802B000B000B000D0012C
:104D6000B000BC02B000B0008A06B000B000B000D5
:104D7000B000B000B000B000B0002801B000AA013F
:104D800001022801280128012B0201027400B00051
:104D90006402B0005502AF066E027400B000D0018C
:104DA0007200AC06B000B000B206B0007200002283
:104DB000A9F1300316F8019B02EB820203EB4202D9
:104DC000A9F13003092BF5D90B928EE70F9B53F80D
:104DD000042B002A0B920F93C0F2B281337882E742
:104DE00033784BF0200B7EE7082200212CA8FFF738
:104DF0001BFA012007444FE7B7EB0508064610D021
:104E0000329BC4E9005843443293319B0133072B52
:104E1000319315DC08340A9B43440A93002E7FF437
:104E200058AF329B002B41F05E810D9B9B8903F0B4
:104E30004003002B41F080830A985DB0BDE8F08FFD
:104E400050460D9930AA01F087FC0028EDD133AC13
:104E5000E1E700BF980500201096B9F1000FE0D0FF
:104E6000012300228DF80C91069343AD8DF8972015
:104E70000C93CDE913220E92099211921BF00203BA
:104E800002D00699023106911BF08408329E05D1AA
:104E90000B9906980F1A002F00F39B806AB101222C
:104EA0006260319A013601320DF19701072A32967C
:104EB0003192216000F3D883083463B10223636028
:104EC000319B0236013326AA072B3296319322609A
:104ED00000F3BF830834B8F1800F00F0BF82099B54
:104EE0000C9A9F1A002F00F3F9821BF4807F40F088
:104EF0001E820C9B25601E446360319B32960133F9
:104F0000072B319300F33F8308341BF0040F05D0C7
:104F10000B9B069A9D1A002D00F3B383DDE90A323C
:104F200006998A42ACBF9B185B180A93002E40F08A
:104F30000883002331930E9B1BB150460E99FFF757
:104F4000B9FA33AC109DA6E60F9B1096073323F0F9
:104F50000703F3E802670F9327F000431F931E96A1
:104F60004FF0FF32DDE91E01B24BCDE91667FCF7C9
:104F700097F8002840F0F484DDE91E014FF0FF327D
:104F8000AC4BFCF76FF8002840F0EA8400220023C5
:104F900030463946FCF75CF8002840F0B2879DF8AF
:104FA000972000210320A44DA44B2BF0800B0E91E1
:104FB0000690B9F1470FD8BF1D46CDE913110991ED
:104FC0000C901191002A3FF459AF069B01330693D0
:104FD00054E7102F319A41F30D82DFF864C2214665
:104FE00030460D9C2E46CDF854C06546219304E012
:104FF000103F102F01F1080116DD1023013210308F
:10500000072ACDE931200D604B60F1DD2146504685
:1050100030AA01F0A1FB002840F09B82DDE931209D
:10502000103F102F33A9E8DC35460C460646219B7D
:10503000013215993E44072ACDE931262160676087
:1050400000F381869DF89720083427E70F9BB9F17C
:10505000430F109603F1040603D01BF0100F00F06D
:105060000185082200212EA8FFF7DEF80F9A43AD34
:105070002EAB29465046126803F0E4F9034601338B
:105080000C9001F054820C9B23EAE37306930022F8
:105090000F968DF89720ECE600230F9F109657F897
:1050A000045B8DF89730002D00F00085B9F1530FA7
:1050B00000F094861BF01003119340F08F86099B3B
:1050C000002BC1F21B801A462846119901F002FDFF
:1050D0000E90002801F081820E9B11995B1B0C93AE
:1050E00023EAE3734FF07309CDE913119DF897207C
:1050F0000F97099106930E9164E71BF0200F10960D
:105100003ED00F9B073323F007031846596850F829
:10511000083B0A460F900029C0F2CA83099900296A
:10512000C0F2888253EA02012BF0800740F08382AC
:10513000099A002A40F08482BB460C925CAD64E17F
:105140000B9B5B420B9333784BF0040BCBE533782E
:10515000682B03BF73784BF4007B01364BF0400B98
:10516000C1E52B238DF897303378BCE533784BF0CD
:10517000080BB8E54BF0100B1BF0200F1096C0D1B8
:105180000F9A1BF0100F52F8043B0F9240F0C283AD
:105190001BF0400F00F0BA8343F3C03211461BB23C
:1051A000B9E71BF0200F109600F0C5830F9B0A9AF9
:1051B0001B681A60D2175A600F9B04330F93C1E625
:1051C00033786C2B03BF73784BF0200B01364BF018
:1051D000100B88E547F630030F9AADF8983052F877
:1051E000043B02210F924FF07809002215481096D7
:1051F0004BF0020719900020099D8DF89700002DB3
:10520000C0F2EC8053EA020027F0800B40F0E5800A
:10521000002D40F0D285002940F0538317F00103A0
:105220000C9300F0718330230DF26F158DF86F3100
:10523000EBE000BFFFFFEF7FD8A20008D4A2000878
:10524000CCA40008E4A2000810964BF0100B1BF051
:10525000200200F012830F9B073323F00703194647
:105260005A6851F8083B0F9100212BF48067C2E780
:1052700010964BF0100717F0200200F00B830F9BE5
:105280000121073323F0070318465A6850F8083BFA
:105290000F90B0E733784BF0800B24E5314611F8DE
:1052A000019BB9F12A0F01F02882A9F13003092BE3
:1052B00098BF002201F2A28011F8019B02EB82024A
:1052C00003EB4202A9F13003092BF5D942EAE2735C
:1052D0000E46099309E533784BF0010B03E59DF881
:1052E00097203378002A7FF4FEAC20228DF8972097
:1052F000F9E4504601F0B6FB436818461D9301F0EF
:1053000035FC20900746504601F0ACFB83681B93A8
:10531000002F3FF463AD1B9A3378002A3FF4E3ACCF
:105320001278002A3FF4DFAC4BF4806BDBE4B9F178
:10533000650F40F33781DDE9160100220023FBF7FA
:105340007DFE002800F0D88101236360319B934AE1
:1053500001330136072B32963193226000F33285F8
:105360000834279B129A934280F2C982189B1A9A9A
:105370001E44C4E90023319B32960133072B31933D
:1053800000F37A830834129B5D1E002D7FF7BDADBC
:10539000102D319B40F3EB80DFF804921027DDF8ED
:1053A0003480CDF8549004E00834103D102D40F3C3
:1053B000E08001331036072BC4E90097CDE9313680
:1053C000F2DD4146504630AA01F0C6F9002840F00F
:1053D000C080DDE9313633ACE7E75F46012900F0F4
:1053E0002A8102295CAD1ED1199803F00F01415C9E
:1053F0001B0943EA0273120905F8011D53EA020171
:10540000F3D1BB465CAB5B1B0C93099A0C99002350
:105410008A42B8BF0A46CDE9133306920E939DF82F
:1054200097201193CEE503F00701DB0843EA4273AE
:10543000D208303153EA0206284605F8011DF2D1A0
:10544000FB07DED53029DCD03023023805F8013CDB
:105450005CAB1B1ABB4605460C93D6E70B9B069A22
:105460009F1A002F7FF73BAD102F319B41F35B80DC
:105470004B48224631464FF0100806460D9C1590C9
:1054800004E0103F102F02F1080214DD0133103147
:10549000072BC2E90068CDE93131F2DD21465046E3
:1054A00030AA01F059F9002853D1DDE93131103F1C
:1054B000102F33AAEADC14460E460133159A3E44F7
:1054C000072BCDE931362260676000F3C084099B69
:1054D0000C9A08349F1A002F7FF707AD304A102F1F
:1054E000319B159221DD32464FF010082E460D9D5E
:1054F00004E0103F102F04F1080414DD01332849A3
:105500001032072BC4E90018CDE93132F1DD29460C
:10551000504630AA01F020F9D8B9DDE93132103F08
:10552000102F33ACEADC354616460133159A3E445B
:10553000072BCDE931362260676000F39281083491
:10554000D3E450460D9930AA01F006F900283FF443
:10555000F0ACD3460E9B002B3FF467AC58460E9937
:10556000FEF7A8FF0D9B9B8903F0400361E40C4A02
:105570001592159A01332E44072B22606560CDE900
:1055800031367FF7C1AC50460D9930AA01F0E4F8EE
:105590000028DED1329E33ACB7E400BF14A300086C
:1055A000BCA40008129B319F012B06F1010607F1F4
:1055B000010704F1080940F310810123072FCDE909
:1055C00031762560636000F38081189B01371A9A59
:1055D0001E44072FC9E90023CDE9317600F382810B
:1055E00009F10809129B0022DDE916015C1E002367
:1055F000FBF724FD002840F00981013701352644DE
:10560000072FCDE93176C9F80050C9F8044000F3FE
:10561000F08009F108091C9B01371E44C9F80430C9
:10562000072F2AABCDE93176C9F80030ABDC09F1A0
:1056300008046AE45F460A2B72F1000180F02583BA
:1056400030338DF86F310123BB460C930DF26F158B
:10565000DBE650460D9930AA01F07EF800287FF471
:1056600078AF329E33AC36E450460D9930AA15938C
:1056700001F072F800287FF46CAF329E159B33ACBA
:105680001BE4102D319B40F33187DFF8CC821027CB
:10569000DDF83490CDF8548004E0103D102D04F175
:1056A000080415DD01331036072BC4E90087CDE966
:1056B0003136F2DD4946504630AA01F04DF8002857
:1056C0007FF447AFDDE93136103D102D33ACE9DC16
:1056D0000133159A2E44072BC4E90025CDE9313654
:1056E0007FF71CAC50460D9930AA01F035F8002820
:1056F0007FF42FAF329E11E42799002940F33383C2
:10570000DDE911839845A8BF9846B8F1000F0ADD7E
:10571000319B46440133072BC4E90058329631933C
:1057200000F33E860834119FB8F1000FA8BFA7EB25
:105730000807002F00F3CB81DDF844901BF4806F45
:10574000A94440F0EA81279B129A9342C0F27182E9
:105750001BF0010F40F06D82129AAF18A7EB0907FA
:10576000D51AAF42A8BF2F46002F0BDD319B3E4418
:105770000133072BC4F8009067603296319300F331
:1057800085860834002FA8BFED1B002D7FF7BDAB29
:10579000102D319B7FF7EBAEDFF8C0911027DDF8BD
:1057A0003480CDF8549004E00834103D102D7FF77C
:1057B000E0AE01331036072BC4E90097CDE931364E
:1057C000F2DD4146504630AA00F0C6FF00287FF4C3
:1057D000C0AEDDE9313633ACE7E71BF0010F7FF4F3
:1057E000ECAE0123072FCDE93176256063607FF7AA
:1057F00012AF50460D9930AA00F0AEFF00287FF49A
:10580000A8AEDDE931760DF1CC0904E7129B012B3E
:105810007FF701AF112B40F37F87504BCDF824B0B9
:1058200010259B46DDF83480159305E009F1080941
:10583000103C102C40F33C8301371036072FC9E988
:1058400000B5CDE93176F1DD4146504630AA00F091
:1058500083FF00287FF47DAEDDE931760DF1CC09C0
:10586000E6E750460D9930AA00F076FF00287FF455
:1058700070AE329E33ACFFF738BB0F991BF01000AF
:1058800051F8043B55D11BF040054ED002460F9114
:105890009BB2E9E40F9917F0100051F8043B41D195
:1058A00017F040053AD00F91024601219BB2A2E4C5
:1058B0005B425F464FF02D004FF0010162EB420268
:1058C0009AE4099B5CAD0C939FE550460D9930AA74
:1058D00000F042FF00287FF43CAEDDE931760DF1A7
:1058E000CC0972E650460D9930AA00F035FF002829
:1058F0007FF42FAEDDE931760DF1CC0972E61BF0B5
:10590000010F3FF402AB31E55CAD7EE51BF4007F97
:1059100040F04F83DA171146FFF7FDBB17F4007212
:1059200040F052830F91012165E41BF4007240F0B6
:1059300046830F9198E41BF0100F40F094821BF007
:10594000400F40F0CA831BF4007F00F08C820F9B55
:105950000A9A1B681A702FE4CCA40008BCA40008A3
:10596000DDE9160102460B46FBF79AFB002840F0E2
:105970001C86B9F1610F00F01F85B9F1410F00F0ED
:105980004A85099B013300F0EF8329F02003472B60
:1059900000F0E1850E90DDE91612002A13464BF463
:1059A0008078C0F2E68400231593DDE91623CDE963
:1059B0002223A9F14103252B00F20E83DFE813F027
:1059C00018040C030C030C03D803A5040C030C03EC
:1059D0000C030C030C030C030C030C030C030C034F
:1059E0000C030C030C030C030C030C030C030C033F
:1059F0000C030C030C030C030C030C030C030C032F
:105A000018040C030C030C03D803A504A64B109632
:105A100019931BF0200200F01A810F9B073323F02B
:105A2000070319465A6851F8083B0F911BF0010F04
:105A300009D053EA020106D030218DF899904BF03D
:105A4000020B8DF8981002212BF48067FFF7D3BB6F
:105A50005F4610960FE41096FFF7F9BB934B109634
:105A60001993D6E70F9B43AD1B688DF80C310123CA
:105A700006930C93FFF70BBB50460D9930AA00F02C
:105A80006BFE00287FF465AD329E33AC7BE4402191
:105A90005846FEF70BFE0D9B18601861002800F0B9
:105AA0003F8640230D9A5361FFF7DCB8099B2946D6
:105AB000062B28BF06232A4609950E95CDE913111A
:105AC0007B4D06930F970C931191FFF77BBA102F24
:105AD000319B40F31D86774932464FF010090E4640
:105AE000DDF83480159104E00834103F102F40F3A6
:105AF000EE8101331032072BC4E90069CDE9313260
:105B0000F2DD4146504630AA00F026FE00287FF420
:105B100020ADDDE9313233ACE7E7129B2246EB18CA
:105B20000993139B4C46002B3146DDF85080CDF88D
:105B300044B0DDF86C90209EDDF834B0149531DD72
:105B4000B8F1000F40F3338108F1FF3831981D9B05
:105B5000013031440728C2E900363291319000F318
:105B600089800832099B99F800001F1B8742A8BF53
:105B70000746002F0CDD3198394401300728C2E96F
:105B800000473291319000F3558199F800000832B6
:105B9000002FB4BF0546C51B002D14DC0444139B25
:105BA000002BCDDCB8F1000FCEDCCDF86C90A14617
:105BB000149D129B1446EB1899450E4628BF994632
:105BC000DDF844B0BFE5102D31983A4B23DD0C943D
:105BD00010272C461D4604E0103C102C02F1080250
:105BE00016DD0130334B10310728C2E90037CDE90B
:105BF0003101F1DD5946504630AA00F0ADFD0028D4
:105C00007FF4A7ACDDE93101103C102C33AAE8DCAD
:105C10002B4625460C9C013029440728CDE931014B
:105C20001360556000F3AD8399F800000832044416
:105C3000B5E7189A1A991644C4E90012319A3296B7
:105C40000132072A319200F3C883083484E50F99A2
:105C50001BF0100051F8043B0AD11BF0400503D0A3
:105C600002460F919BB2E1E61BF4007240F09D8169
:105C70000F91DBE65946504630AA00F06DFD002832
:105C80007FF467AC329933AA6CE707F480610C9714
:105C90000E944FF0000E0F46DFF81CB01B9C0DF564
:105CA000B87CCDF8189010E0F8A20008E4A2000833
:105CB0000CA30008BCA40008CDCCCCCC0A2B72F1FC
:105CC000000237D343463246AC46991841F10001F1
:105CD000ABFB010626F0030000EB96004FF0CC363C
:105CE000091A581A06FB00F662F10009A0FB0B80A6
:105CF0000BFB09660644052008F00109A9FB000911
:105D000040184FEA5808303048EAC6780EF1010EC4
:105D10000CF1FF350CF8010C7608002FCED021785D
:105D20008E45CBD1BEF1FF0FC8D00A2B72F1000215
:105D300080F0DA801B94DDF818900C9F0E9CCDF853
:105D400048E0FFF75EBB50460D9930AA159300F06E
:105D500003FD00287FF4FDAB9DF89720329E159B34
:105D600033ACFFF79BB801236360319B994A013341
:105D70000136072B32963193226000F3FE800834FF
:105D8000002976D1129A0BF0010313433FF4BDA80A
:105D9000189B1A9A1E44C4E90023319B32960133A2
:105DA000072B319300F3D38104F1080272E0139BB7
:105DB00009F1FF39013B1393C8E601295F467FF4DF
:105DC00010AB3DE450460D9930AA00F0C5FC002808
:105DD0007FF4BFAB329E33ACFFF7C3BA0DF1B80806
:105DE0000822002140462995FEF71EFA099B002B48
:105DF000C0F28C8000260697CDF830903746994641
:105E00000FE04346504643A902F01CFB421C06F13A
:105E10000406384400F0BD83484506DC00F0FE83EC
:105E20000746299B9A59002AEBD1DDF830900C9750
:105E3000069F79E05946504630AA00F08DFC0028B4
:105E40007FF487AB99F80000329933AAA0E6504658
:105E50000D9930AA00F080FC00287FF47AAB329EC6
:105E600033ACFFF73CB80F9B0A9A1B681A60FFF728
:105E7000A3B9189B1A9A1E44C4E90023319B329699
:105E80000133072B319300F3628104F108020029EA
:105E9000C0F20B83129901330E44072BCDE9313642
:105EA000156051603FF76FAB02F10804FFF72DB8A2
:105EB000DDF824B00137159B2644072FCDE9317654
:105EC000C9F80030C9F804407FF7A3AB91E4164647
:105ED0000133159A3E44072BCDE9313622606760C5
:105EE00000F32981083427E4209B1D99ED1A1A46F6
:105EF000284600F07BFD637803B101344FF0000EBB
:105F0000E0E62D228DF89720FFF74BB8002350468E
:105F10001946CDF8008029AA02F0BAFA03460133E7
:105F20000C9000F0368329950C9B002B31D0632B0D
:105F300000F3F780002343AD0E9308220021404672
:105F4000FEF772F90C9E294633465046CDF8008084
:105F500029AA02F09DFA864240F0F28300230C9AAF
:105F6000CDE9133322EAE271AB549DF897200F97E5
:105F7000069109931193FFF725B850460D9930AA61
:105F800000F0EAFB00287FF4E4AA2799329E33ACA4
:105F9000F6E60C9B9DF89720CDE913330F970693F7
:105FA000099311930E93FFF70DB82A460F91DBB2B8
:105FB0003CE543F3C01211465BB2FFF7ACB82A468A
:105FC0000F91DBB2FFF750B90F912A460121DBB2E6
:105FD000FFF711B914A30008099B5046019302234F
:105FE00000932EAB049329AB039327AB0293DDE917
:105FF000222300F0FDFE1BF0010F054640F0078252
:106000002E9B1B1A1293279B1193119BD91C03DB08
:10601000099A9A4280F28E81119BA9F10209013BF3
:10602000002127935FFA89F2002B8DF8A820B6BFD4
:106030002D222B22119B8DF8A920B8BFC3F101039B
:10604000092B40F392820DF1BF073A46DFF8D0C228
:106050001E461046ACFB0321C90801EB8102A3EBED
:1060600042023032632E00F8012C0B4600F1FF3261
:10607000EEDC303302F8013C831EBB4280F03A83F1
:106080000DF1A90213F8011BBB4202F8011FF9D15F
:106090005CAB181AA0F1AD031C93129B1C9A012B48
:1060A0001A440C9240F370820C9B189A13440C9380
:1060B0002BF4806343F4807B00230C9A149322EA30
:1060C000E272069213931193159B002B40F02181ED
:1060D0009DF897200993FEF775BF0F9B0A9A1B68DE
:1060E0001A80FFF769B80D9C5046214630AA00F08F
:1060F00033FBA38903F04003FEF79BBE284600F064
:1061000035FD119B20EAE0714FF07309CDE913339F
:106110009DF897200F970C90099306910E93FEF728
:1061200051BF5046591CFEF7C1FA0546002800F041
:10613000FF820E9001E750460D9930AA00F00CFB4B
:1061400000287FF406AA329E33ACFFF7F5BA50461A
:106150000D9930AA00F000FB00287FF4FAA9DDE9D0
:106160003136279933AA92E606230E90099312E45A
:106170000223099A0132069200932EAB069E0493E5
:1061800029AB039327AB019602935046DDE9222306
:1061900000F02EFE29F02007462F054618BF4527A0
:1061A000064405D12B78302B00F03781279B1E4405
:1061B0000022DDE922010023FAF740FF002840F029
:1061C00022812E9BB34206D230215A1C2E92197086
:1061D0002E9B9E42F9D8279A11925B1B472F129350
:1061E0003FF413AF462F00F02681119B013B17E7C8
:1061F00027AADDE9220100F0E7FC00224FF07F53DF
:10620000FAF7B4FC02460B46CDE906230022002330
:10621000FAF714FF08B101232793099B414A591E3D
:10622000414BCDE911B4B9F1610F08BF1A462E46B2
:10623000D346CDF8309013958946DDE90645924660
:10624000099207E000220023FAF7F8FE002840F048
:10625000D181B9460022354B20462946FAF786FC03
:106260000D460446FAF710F98046FAF7A3F80246FD
:106270000B4620462946F9F74FFF1AF80830B9F1C6
:10628000FF3F324604460D4609F1FF3706F8013B51
:10629000D8D11746264B0022CDE90645DA46DDF86F
:1062A0003090129CDDF844B0139DFAF7EFFE002801
:1062B00000F0128209992E9716F8012CC97B3346FB
:1062C000914209D1302003F8010C2E9B5A1E2E92C8
:1062D00013F8012C9142F6D0392A0BBF099A0132EA
:1062E000927AD2B203F8012C33465B1B1293279BA0
:1062F000B9F1610F119303F1FF33279300F0C281CD
:1063000050224FF0410901218EE6099B0693032399
:1063100032E72D2200238DF897200993FEF755BE12
:10632000CDCCCCCCF8A20008E4A20008000030409C
:106330000000E03FDDE91123934200F3DB801BF016
:10634000010F119B00F04781189A13440C931BF422
:10635000806F00F07A81119B4FF06709002B7DDC84
:106360000C9B23EAE37306930023C346CDE9133362
:10637000AAE622912D2103F1004315912393FFF703
:1063800018BB5946504630AA00F0E6F900287FF4C1
:10639000E0A899F80000329933AA0444FFF7FFBB44
:1063A00050460D9930AA00F0D7F900287FF4D1A803
:1063B000329E33ACFFF7B7B978238DF8993030238C
:1063C0008DF89830099B4BF0020B632B00F3B980DA
:1063D000002343AD0E93FFF7DEBA50460D9930AA65
:1063E00000F0BAF900287FF4B4A8279B329E33ACA2
:1063F000FFF7B2B9AE491591FEF71ABE00230E465B
:106400000993FEF772BC279A33461192E5E6099B81
:106410004727C618CCE65823CFE70022DDE9220142
:106420000023FAF70BFE002800F02781279B1E446B
:106430001193731B12931199099A0BF00103002910
:1064400043EA020340F32D81002B40F001814FF01D
:106450006609119B0C931BF4806F81D01B990B78FC
:10646000FF2B00F061810026119A304604E00130D4
:106470000131FF2B00F0D880934280F2D580D21AF0
:106480004B78002BF3D10B780136F2E750460D998B
:1064900030AA00F061F900287FF45BA8279D129BC9
:1064A000329E33AC5D1BFFF76DB94F4210312CDAD1
:1064B000DFF800821024CDF8548003E00832103F4A
:1064C000102F24DD01331036072BC2E90084CDE9FB
:1064D0003136F3DD50460D9930AA00F03DF9002821
:1064E0007FF437A8DDE9313633AAE8E7704A159220
:1064F000FFF7EEB8129B189A9A18119B0C92002B7A
:1065000040F3AE804FF06709A5E76A491591013362
:1065100015993E44072BCDE931361160576000F3E1
:10652000B3800832B6E4634A1592FEF7C6BF0D9AEF
:10653000938943F0400393814FF0FF330A93FEF7B2
:106540007BBC5046591CFEF7B1F805460028EED03A
:106550000E90FFF720BA099B002B7FF41BAA099B22
:106560000E9301230993FFF716BA002940F08280A9
:1065700030228DF8AA200DF1AB02303302F8013B36
:106580002AABD31A1C9388E51BF0010F3FF490ADA2
:106590008AE50022D3460D9B0E92B3F90C3043F0EE
:1065A00040030D9A9381FEF7D5BF179B0320002B64
:1065B000B8BF2D224FF00003A8BF9DF897201946C1
:1065C0000E933D4D3D4BB8BF8DF897202BF0800BBF
:1065D0000690FEF7EEBC0C93B9E6099B4FF07309E9
:1065E000CDE913009DF897200F9706930C9309901F
:1065F000FEF7E8BC49460029DA46DDF83090129CE7
:10660000DDF844B0139DFFF66FAE4B1C30223146CF
:10661000334401F8012B9942FBD166E6099BDDF872
:106620003090069F0C937FE4CDE913061B911192E5
:10663000DDE91332209913440C9AC34601FB03236E
:106640000C9323EAE37306933EE54FF0670987E670
:106650001346189A4FF0660913440B440C93FAE65C
:10666000C3F101031A4422EAE2734FF067090C9266
:10667000069379E60DF1AA027FE7069BC3F10103B9
:10668000279394E570223EE650460D9930AA00F01B
:1066900063F800287EF45DAFDDE9313633AAFFF7F9
:1066A000F9BB6BB901234FF0660906930C935BE6C7
:1066B000CCA40008BCA40008E0A20008DCA20008EA
:1066C000189B4FF0660903F1010B099B5B440C9387
:1066D00023EAE373069347E60022DDE906011C4B3B
:1066E000FAF7ACFC00283FF4FFAD18F0010F3FF4BF
:1066F000FBADDFE502231C93CFE40F9A73780E46BF
:1067000052F8041B0F9241EAE1720992FEF7EBBACC
:10671000104A1592FFF7DCBB0E4B1593FFF7CABB6F
:106720000C23CBF8003007E70023CDE913337FE7D4
:106730000D9BD346B3F90C300E9043F0400330E785
:106740000D9BD346B3F90C3043F0400329E700BF5B
:106750000000E03FBCA400082DE9F0411546926816
:106760002C68FAB107468846083402E0134608341C
:10677000C3B16B685E1E002B6E6013DD54F8046CB1
:10678000002EF3D033464146384654F8082C01F029
:106790008BFE431C07D0AA680834921B1346AA60DC
:1067A000002BE6D100200023C5E90133BDE8F081CC
:1067B00070B500293FD006460C4610B1436B002B44
:1067C0003CD0636EB4F90C20DD0732D4900538D587
:1067D0002146304600F04CF8E36A054633B13046B6
:1067E000E16998470028B8BF4FF0FF35A3891A0622
:1067F00039D4216B41B104F14003994202D03046B3
:10680000FDF758FE00232363616C21B13046FDF78C
:1068100051FE00236364FDF74BFC0022636EA281EE
:10682000DB071CD5A06DFDF7D3FDFDF747FC28461F
:1068300070BD002ACCD10025284670BDFDF71AFC9A
:10684000BFE7A06DFDF7C6FDB4F90C30002BBFD13A
:10685000636ED907EFD4A06DFDF7BEFDEBE7A06D29
:10686000FDF7BAFDDEE730462169FDF723FEC0E7FC
:10687000B1F90C20F8B516070C46074648D449680C
:1068800042F400630029A3815FDDA56A002D3DD09D
:10689000002112F480523E683960E16961D1012320
:1068A0003846A847451C02466AD0B4F90C30A56AA0
:1068B000E169580705D56368D21A236B0BB1E36B06
:1068C000D21A00233846A847411C4CD13968B4F984
:1068D0000C301D293FD82F4ACA40D2073BD5002291
:1068E00062602269DD04226023F40062A28101D586
:1068F000002943D0216B3E6041B104F1400399422D
:1069000002D03846FDF7D6FD002323630020F8BDF2
:106910000E69002EFAD0920718BF00230D6808BF39
:106920004B690E60AD1B8B600CE02B463246D4F8F1
:1069300024C03846E169E047B0F1000CA5EB0C0536
:10694000664406DD002DF0DCE0E7E16B00299CDC0D
:10695000DCE7B4F90C3043F040034FF0FF30A38183
:10696000F8BD226DA5E70022B4F90C3062602269FF
:10697000226023F40062DB04A281BBD52065B9E765
:106980003B68002B91D01D2B01D0162BE1D13E602E
:10699000BCE700BF0100402038B505460C4608B1F1
:1069A000436B03B3B4F90C0088B1636EDB0701D409
:1069B00081050FD528462146FFF75AFF636E05462D
:1069C000DA0702D4A3899B0508D5284638BD0546B9
:1069D000284638BDA06DFDF7FDFCEBE7A06DFDF787
:1069E000FBFC284638BDFDF745FBDBE740EA010329
:1069F0009B0710B524D1032A22D98E468446DEF89F
:106A000000407146A4F1013323EA040313F0803FF0
:106A10000EF1040E15D1043A032A4CF8044BEED8BB
:106A2000714601F1FF3E52B163461EF8011F541E2C
:106A300003F8011B41B122469C46002AF4D110BD47
:106A4000844601F1FF3EEEE79444002CF7D003F8B2
:106A5000011B6345FBD110BD014B93F82801704722
:106A6000980500200048704788060020002238B5AD
:106A7000064D044608462A60FBF7F0F8431C00D098
:106A800038BD2B68002BFBD0236038BDF80D0020EB
:106A900038B5074D074C2C1BA41005D0013C55F808
:106AA000043D9847002CF9D1BDE8384003F0DABA2C
:106AB00010A700080CA70008082802D14FF4805046
:106AC000704708B5FDF754FC162203464FF0FF301F
:106AD0001A6008BD5FFA81FC810744D00346511E4D
:106AE00022B909E09A0709D0013905D3184602787E
:106AF00001336245F6D170470020704718460329DC
:106B00000CD80029F8D00346014401E08B42F3D0B1
:106B1000184613F8012B6245F8D1704710B50CEBFD
:106B20000C24024604EB044402E00439032915D97D
:106B3000104652F8043B6340A3F1013E2EEA0303E2
:106B400013F0803FF1D00346014401E08B4208D0AE
:106B5000184613F8012B6245F8D110BD10460029E4
:106B6000F1D1002010BD1146C9E700BF20F003019C
:106B700010F00300C0F1000051F8043B00F1040CD8
:106B80004FEACC0C6FF000021CBF22FA0CF2134348
:106B90004FF0010C4CEA0C2C4CEA0C4CA3EB0C0211
:106BA00022EA030212EACC1204BF51F8043B04307B
:106BB000F4D0C2F1000102EA0102B2FA82F2C2F19B
:106BC0001F0200EBD2007047F8B50027DFF858C06D
:106BD00021F00043634504460D46176021D88446E2
:106BE00053EA0C0C1DD0DFF844C0164601EA0C0C29
:106BF0000A46BCF1000F09D100220D4BF9F7B6FF90
:106C00006FF0350704460A4621F000431B156FF369
:106C10001E52A3F2FE333B4442F07F55336045F4ED
:106C2000001520462946F8BDFFFFEF7F0000F07FEA
:106C3000000050432DE9F8431B4D0646286898464E
:106C40000F469146FDF7C6FB184B1C681CB328681D
:106C500065681F2D22DC4EB96B1C0235636044F859
:106C60002570FDF7B9FB0020BDE8F883012304EB94
:106C70008501C1F88890D4F88821AB401A43022ED0
:106C8000C4F88821C1F80881E6D1D4F88C211A43D0
:106C9000C4F88C21E0E7064C1C60D8E7FDF79CFBAC
:106CA0004FF0FF30E0E700BF80010020080E002019
:106CB000400E00202DE9F04F03690C6985B0A34216
:106CC000C0F291808146013C01F1140509F11408DC
:106CD00055F8243058F824C001339C45BCFBF3F62A
:106CE0004FEA840005EB840708EB840243D34FF09E
:106CF000000CAA46CDE90105C646634665469346A3
:106D0000CDF80C805AF8040BDEF800201FFA80FC46
:106D100006FB0C554FEA10484FEA154C06FB08CC11
:106D2000ADB290B2401B18441FFA8CF3C3EB204362
:106D300003EB124380B240EA034057454EF8040B80
:106D40004FEA1C454FEA2343DCD2DDE90105DDF8BB
:106D50000C8058F8003073B9ABF10402904504D3AD
:106D600007E0904504F1FF3403D252F80439002BB8
:106D7000F7D0C9F81040484601F01CFA00282EDB75
:106D80004146002255F8040BD1F800C01FFA80FEDE
:106D90001FFA8CF3A3EB0E031344020CC2EB234245
:106DA00002EB1C429BB243EA0243AF4241F8043B70
:106DB0004FEA2242E6D258F8242008EB84036AB94D
:106DC000043B434504D807E0984504F1FF3403D25F
:106DD00053F80429002AF7D0C9F81040013630468C
:106DE00005B0BDE8F08F002005B0BDE8F08F00BF12
:106DF0002DE9F04F16461F46816B9DB0CDE9066721
:106E0000299D039049B10123C26B044693408B60D6
:106E10004A6000F073FF0023A363B7F10009B4BF19
:106E2000012300232B60784BBCBF29F00049CDF82B
:106E30001C9033EA090300F0AD80DDE90634184602
:106E4000214600220023CDE90401FAF7F7F8804635
:106E500068B10123289A13602A9B13B16B4B2A9ABD
:106E600013606B4B089308981DB0BDE8F08F1AAB08
:106E700001931BAB00930398DDE9042301F076FA3C
:106E80005FEA1955824640F09B80DDE91A8545444A
:106E900005F23243202B40F38B83C3F1400309FA00
:106EA00003F905F2124326FA03F349EA0300F9F75E
:106EB00071FA0123013D1193A1F1F8710022554BA4
:106EC000F9F72AF94AA3D3E90023F9F74FFE4AA3B9
:106ED000D3E90023F9F722F9064628460F46F9F7C9
:106EE00069FA47A3D3E90023F9F740FE02460B46AF
:106EF00030463946F9F712F906460F46F9F7C4FA53
:106F0000002204460990002330463946FAF7A0F8DB
:106F1000002840F02383099CA8EB050808F1FF3303
:106F2000162C0A9300F28F81DDE904013A4B03EB42
:106F3000C403D3E90023FAF78BF8002872D0631E4C
:106F400009930023109308F1FF33002BC0F28281D4
:106F500000230B93099B002B6ADA099B0B9A0E9373
:106F6000D21A5B420F9300230993269B0B92092BA5
:106F700068D8052B40F321830025043B2693269BEC
:106F8000023B032B00F23F86DFE813F070046D0430
:106F90006404480442F20F73289AC9F3130959EAAA
:106FA000060913601CD12A9B002B00F04C861B4B5A
:106FB000089308332A9A089813601DB0BDE8F08F33
:106FC000DDE90412C2F31303084643F07F51CDF804
:106FD0004480A5F2FF35DDF8688041F440116DE78B
:106FE0002A9B002B40F0F5830D4B08933BE700BF35
:106FF00061436F63A787D23FB3C8608B288AC63FBF
:10700000FB799F501344D33F0000F07F15A3000885
:1070100014A300080000F83F10A5000860A30008B2
:107020006CA30008B8F1000F40F3A88410900B90F7
:10703000DDE9092313440A9300230F93269B0E9244
:10704000092B96D9002301254FF0FF3B2693279368
:107050000C950021039BCDF860B0D963039800F034
:1070600027FE0890002800F0D785039B089ABBF103
:107070000E0F9A6300F21981002D00F016810E990F
:10708000002940F34984B44B01F00F0203EBC20323
:10709000C8054FEA2115D3E9006740F10A84DDE90C
:1070A0000401AE4B4FF00309D3E90823F9F788FE3A
:1070B000CDE9120105F00F058DB1DFF8A082E907D7
:1070C00009D5D8E9002330463946F9F74FFD064681
:1070D0000F4609F101096D1008F10808EFD1DDE94B
:1070E00012013B463246F9F76BFE07468846109B75
:1070F00043B1002238464146994BF9F7A9FF0028D1
:1071000040F010854846F9F755F93A464346F9F7F5
:107110002DFD0022934BF9F701F80446A1F15075BB
:10712000BBF1000F00F0AA800E9BCDF848B0199378
:1071300041463846F9F7A8F91299874BCDE914452D
:1071400003EBC10353E902340546CDE91634F9F7E0
:1071500031F90B46024641463846F8F7DDFF089FF5
:107160000C9B30357E1CECB2804689463546002BA0
:1071700000F06E84DDE9162300207B49F9F720FE3C
:10718000DDE91423F8F7C8FF3C7042464B4604463D
:107190000D46F9F77BFF002840F0BB84CDF850A0E6
:1071A000CDF858B00027AB46A246129D2AE0013721
:1071B000AF4280F201855046594600226B4BF9F7E9
:1071C000D5FC0022694B82468B4640464946F9F77A
:1071D000CDFC89468046F9F757F90446F9F7EAF8F5
:1071E00002460B4640464946F8F796FF3034524671
:1071F0005B4606F8014B80468946F9F729FF0028CF
:1072000040F0D78442464B4600205549F8F784FFAA
:1072100052465B46F9F71CFF0028C8D0199B374639
:10722000DDF850A0089A03F1010802E0974200F04F
:107230009F843E4617F8013D392BF7D00133DBB26E
:1072400045463B7079E10123109308F1FF33002B91
:10725000BFF67EAEC8F101030B9300230A9379E6D3
:107260004846F9F7A7F83A464346F9F77FFC00226B
:107270003C4BF8F753FF0446A1F150753846002205
:107280003B4B4146F8F748FF22462B4606460F4641
:10729000F9F7FCFE002840F07A8430463946224651
:1072A00005F10043F9F7D4FE28BB1B9B002BC0F26D
:1072B00091800E9A0E2A00F38D80274B0E9A03EBD5
:1072C000C203D3E90034CDE90634279B002B19DA39
:1072D000BBF1000F16DC0ED1DDE906010022244BC4
:1072E000F9F744FC02460B46DDE90401F9F7BAFE62
:1072F000002800F04C8400231F46089E0493279B1F
:10730000DD432DE2089B5D1CDDE90678DDE9040123
:107310003A464346F9F754FDF9F7B6F80646F9F749
:1073200049F83A464346F9F721FC02460B46DDE9A7
:107330000401F8F7F1FE089A06F13003BBF1010FE2
:107340002F46137000F025830125CDF810A0A84624
:10735000DDE9069A2CE000BF10A50008E8A40008AB
:107360000000F03F00001C400000E03F000024400F
:10737000000014404A46534620462946F9F720FDAE
:10738000F9F782F80646F9F715F84A465346F9F731
:10739000EDFB08F101080B46024629462046F8F7A6
:1073A000BBFE06F13003D84507F8013B00F0EF8241
:1073B0000022834BF9F7DAFB0022002304460D4636
:1073C000F9F73CFE0028D5D00E9D3E46DDF810A012
:1073D0000135B2E00C9A002A40F0D68000231F4607
:1073E0000F9E0B9D0C9365B10A9900290B4608DD91
:1073F000A942A8BF2B460B9AED1AD21ACB1A0B92B0
:107400000A930F9B53B10C9B13B1002E40F0FC82EA
:1074100051460F9A039800F0FDFD82460121039822
:1074200000F018FD099B0490002B40F0BD81269BC5
:10743000012B40F3D38101200A9A104410F01F0061
:1074400000F09980C0F12003042B40F3E2810B9BF4
:10745000C0F11C00034402440B9305440A920B9BA9
:10746000002B05DD51461A46039800F02DFE82469A
:107470000A9B002B05DDDDE903011A4600F024FE1E
:107480000490109B002B40F07481BBF1000F40F37F
:107490004B810C9B002B40F0A2800E9D01350126F4
:1074A000DDE90394DDF8208007E0514600230A223D
:1074B000484600F02DFC8246013621465046FFF733
:1074C000F9FBB34500F1300008F8010BEDDCBBF12E
:1074D000000FCCBF5E46012681460024089B03EBCB
:1074E000060B51460122039800F0EEFD04998246F6
:1074F00000F060FE002840F3F081089A02E0934516
:1075000000F005821BF8013C5E46392B0BF1FF3B76
:10751000F5D001338BF80030DDE90381404600F0FF
:10752000EDFB57B12CB1BC4203D02146404600F0E0
:10753000E5FB3946039800F0E1FB5146039800F063
:10754000DDFB00233370289B1D602A9B002B3FF43A
:107550008AAC08981E601DB0BDE8F08F2046F8F791
:1075600029FF32463B46F9F769FD00287FF4D3AC8A
:10757000631E0993CFE41C230B9A1D441A440B92FB
:107580000A9A1A440A926AE7269A012A40F3B081BD
:107590000F9B0BF1FF36B342C0F26B81BBF1000FC2
:1075A000A3EB060680F2F7820B9BA3EB0B056EE1C3
:1075B000C3F1200306FA03F079E40125DFE400BFFC
:1075C00000002440394600230A22039800F0A0FB63
:1075D000189B0746002B40F307839B460E96002D11
:1075E00005DD39462A46039800F06EFD0746099BE3
:1075F000002B40F0ED81B846089B1E46013B03EB93
:107600000B04069B03F00103CDE90A43039C049994
:107610005046FFF74FFB39468346504600F0CAFDFF
:10762000049905464246204600F0E4FDC368014641
:107630000BF13009ABBB0990504600F0BBFD099936
:107640000990204600F05AFB099A002A54D1269B43
:107650001BB90B9B002B00F0B582002D3FDBB3461E
:107660000A9B0BF8019B9E4200F0C9815146002302
:107670000A22204600F04CFB4745824639464FF02F
:1076800000034FF00A02204630D000F041FB414693
:1076900000230A220746204600F03AFB5E46804659
:1076A000B5E7039800F02AFB002D06DB069B03F0EC
:1076B0000102269B1D432A4329D1514601220398EA
:1076C00000F002FD0499824600F074FD002840F3AA
:1076D000F880B9F1390F00F050820BF131090E9D9D
:1076E0003C460135474606F8019B15E700F010FBC4
:1076F0005E46074680468AE7002DC0F29B82269BA5
:107700001D430B9B1D4300F09582002AA7DDB9F1B4
:10771000390F00F032820E9D09F101033C4601351C
:10772000474606F8013BF7E6269B022B7FF7B1AEF2
:10773000BBF1000F40F029815B46052204990398B4
:1077400000F0E6FA01460490504600F033FD0028B0
:1077500040F31B8131230E9D089E013506F8013B45
:10776000DDE9030100F0CAFA0135002F7FF4E1AE34
:10777000E3E65046049900F01DFD0028BFF685AEF3
:10778000514600230A2203980E9C00F0C1FA0C9B7C
:107790008246661E002B7FF415AF189B002B40F32A
:1077A00018829B460E9D7AE601461A46039800F021
:1077B00031FC269B0490012B6FDD00230993049A72
:1077C000136902EB8303186900F0F4FAC0F120009A
:1077D00032E69B4B08930333FFF7ECBB069B002B71
:1077E0007FF429AEDDE90612C2F31303002B7FF408
:1077F00022AE944B134033B10B9B01330B930A9B86
:1078000001330A930123099A0993002A3FF413AE26
:10781000D5E73FF424AEC0F13C03ADE601230C9361
:10782000279B0E9A134403F1010B5E46012EB8BF4D
:1078300001261893172E40F30182012204235B00D6
:1078400003F11400B042114602F10102F7D9039B83
:10785000D96303E401230C93279B002B38DD9B465F
:107860001E461893E6E700230C93D9E700230C93F8
:10787000F2E70F9B0F96F31A0026099A1A440A9B07
:1078800009925B440A930B9B1D465B440B930121B9
:10789000039800F0DFFA0746A5E5069B002B8CD184
:1078A000DDE90601C1F313030A46002BA1D00990BC
:1078B00085E7DDE904344FF00209CDE91234FFF722
:1078C000FBBB7FF40CAF19F0010F7FF402AF06E7AA
:1078D00001239B462793FFF7BCBB03D119F0010F8F
:1078E0007FF40BAE5E461BF8013D302BFAD013E659
:1078F000119A002A00F09F8003F233430A9A0F9EE8
:107900001A440A920B9A15461A440B92BFE7312388
:10791000089A01351370FFE500F0FE80DDE90401EF
:107920000E9A494B554205F00F0203EBC203D3E90F
:107930000023F9F71BF92D11CDE9120100F05D814B
:1079400000234FF0020907468846404EEA070AD551
:10795000D6E9002338464146F9F708F901230746DE
:10796000884609F101096D1006F10806EED1002BD9
:107970007FF4BDABDDE91278FFF7B9BBC8F10103B5
:107980000A900B931090FFF753BB089EB7E4DDF805
:1079900010A002460B46F8F7C1FB03460C46DDE992
:1079A00006010E9D1A46CDE9043401352346A8464A
:1079B000F9F74EFB40B9DDE90423DDE90601F9F7EB
:1079C0003DFB18B1F30701D5089A32E43E46B4E511
:1079D0000398796800F06CF90546002800F02381CF
:1079E0003B6907F10C0102339A000C30F9F748F8B3
:1079F00001222946039800F067FB8046FCE50E9DB6
:107A00003C46013547466CE5039C394632462046E4
:107A100000F000FB074652463946204600F048FA7F
:107A200051468246204600F069F90F9B9B1B0F933D
:107A30003FF4F4ACECE41A9BC3F136035EE700BFFD
:107A40006CA300080000F07F10A50008E8A400085F
:107A5000DDE91623DDE91401F9F788F8089BCDE983
:107A60000C011C70129B012B00F0C580129F089B1B
:107A700011961F4400227C4B40464946F9F776F8A0
:107A80000D460446F8F700FD8146F8F793FC0246E0
:107A90000B4620462946F8F73FFB09F1300906F866
:107AA000019BBE4280468946E4D1119D0022DDE95A
:107AB0000C016E4BF8F732FB02460B464046494636
:107AC000F9F7E4FA00286ED1DDE90C2300206749BC
:107AD000F8F722FB02460B4640464946F9F7B8FA4A
:107AE00080B91B9B002BFFF679AC0E9B0E2B3FF74A
:107AF00075AC5F4B0E9A03EBC203D3E90034CDE9BA
:107B0000063401E417F8013C3E46302B07F1FF37FD
:107B1000F8D0199D013510E54FF00209DDE9047830
:107B2000FFF7E5BABBF1000F3FF49AAB189C002CAD
:107B30007FF7BBAB0E9B3846013B414600221993B1
:107B4000494BF9F713F802468846174609F1010038
:107B5000F8F730FC3A464346F9F708F80022454B5F
:107B6000F8F7DCFA1294A1F150750446FFF7E0BA79
:107B7000312308F10108FFF763BBB34639230E9D9B
:107B80003C46089A474601350BF8013BBAE400230E
:107B90001F460493DEE50A9B5B440A930B9B1D463C
:107BA0005B440B9373E6199B089A03F10108FFF7F6
:107BB00040BBDDF850A0ACE7DDF850A0DDF858B0D0
:107BC000FFF773BBB9F1390FD7D0002D3FF785AD63
:107BD00085E5269B022B03DC0E9DDDF860B05EE49C
:107BE000DDF860B00E96A3E5269B022BF8DCDDF8ED
:107BF00060B00E96F3E4374658E74FF00209DDE92E
:107C00001278FFF774BA0025039B29461846DD63F6
:107C100000F04EF80890D0B9002240F2AF11164B98
:107C2000164800F01FFD024640F2EF21124B1348A8
:107C300000F018FD002A3FF740AD50E50021039BFE
:107C4000D963FFF70BBA0E4B0893FFF70CB9039BF0
:107C5000089A4FF0FF3B9A6301232795CDF860B057
:107C60000C93FFF722BB00BF000024400000E03F60
:107C700010A5000800001C4070A3000884A30008A1
:107C800060A3000882B049B15AB16BB113780B60A0
:107C90001278101E18BF012002B0704701A9002AF7
:107CA000F3D1104602B070476FF00100F4E700BF57
:107CB00038B5436C05460C464BB153F8240080B1EF
:107CC000026843F824200023C0E9033338BD212291
:107CD000042100F0E7FC034668640028EDD1002091
:107CE00038BD0121284601FA04F56A1D920000F012
:107CF000D9FC0028F3D0C0E90145E4E731B1436C79
:107D00004A6853F82200086043F82210704700BF09
:107D10002DE9F0414FF0000E0E461C460D69074656
:107D200001F1140001680EF1010E8BB202FB034356
:107D3000090C4FEA134C02FB01CC9BB203EB0C4342
:107D4000754540F8043B4FEA1C44EBDC3CB1B3689A
:107D5000AB4207DD06EB850301355C6135613046DA
:107D6000BDE8F081716838460131FFF7A1FF804618
:107D7000A8B1326906F10C01023292000C30F8F71A
:107D80007FFE7B6C726853F82210316043F82260EA
:107D9000464606EB850301355C613561DFE7024647
:107DA000BA21024B024800F05DFC00BF70A300083E
:107DB000E0A30008B0F5803F03463ABF102083409F
:107DC0000020B3F1807F3CBF1B020830B3F1805F1D
:107DD0003CBF1B010430B3F1804F03D3002B06DB03
:107DE000013070479B0003D45B0003D42020704710
:107DF00002307047033070470368014613F00702F2
:107E000009D0DA0721D498074BBF5B089B080120F3
:107E100002200B60704798B2A0B11046DAB20AB9DE
:107E200008301B0A1A0704BF1B0904309A0704BF55
:107E30009B080230DA0703D45B0800F1010006D08A
:107E40000B6070471020C340E8E7002070472020F7
:107E5000704700BF38B5436C04460D464BB15868B7
:107E6000B0B102685A60002201234561C0E90323D2
:107E700038BD2122042100F015FC0346606400286F
:107E8000EDD1002240F24511074B084800F0EAFB13
:107E90001C220121204600F005FC0028F1D001221F
:107EA0000223C0E90123DEE770A30008E0A3000875
:107EB0002DE9F04FD1F8108015690E46A84592467D
:107EC00085B005DB2A46534645468A4690461E46FF
:107ED000DAF80830DAF8041005EB0804A342B8BF5A
:107EE0000131FFF7E5FE002800F0898000F114075A
:107EF00007EB840E774505D23B46002243F8042B5E
:107F00009E45FBD8143606EB88080AF1140946454D
:107F100009EB850566D2A5EB0A03153B23F00303A5
:107F20000AF1150A043355452CBF9B464FF0040B4C
:107F3000CDF808E08246AE46039405E0090C2AD14C
:107F4000B04507F104074AD956F8041B8DB2002D3D
:107F5000F4D0CC463C46002301965CF8040B216823
:107F600086B28AB205FB0622000C090C05FB001143
:107F70001A4401EB124192B242EA0142E64544F84A
:107F8000042B4FEA1143E8D8019E47F80B3056F80E
:107F9000041C090CD4D000223B6848461D463C46D0
:107FA000944602889BB201FB02C202EB154243EAEF
:107FB000024344F8043B50F8043B25684FEA134C55
:107FC000ABB201FB0C33704503EB12434FEA134C89
:107FD000E7D3B04547F80B3007F10407B4D8DDE923
:107FE00002E45046002C02DC05E0013C03D05EF8C0
:107FF000043D002BF9D0046105B0BDE8F08F0246C6
:108000004FF4B171014B024800F02CFB70A3000843
:10801000E0A3000812F003032DE9F04114460746DF
:108020002CD10E46A4101CD03D6C85B3E3074FF055
:10803000000806D4641014D02868A8B10546E307E8
:10804000F8D52A4631463846FFF732FF36B17B6C09
:10805000716853F82120326043F8216064100646AD
:10806000EAD13046BDE8F0812A4629463846FFF776
:108070001FFF28600546C0F80080E0E70F4A013B7B
:1080800052F823200023FFF743FE0646CAE70121EA
:108090003846FFF70DFE054640B140F2712301223C
:1080A000C0E90423002338640360BFE7024640F2BE
:1080B0004511034B034800F0D5FA00BFDCA40008CB
:1080C00070A30008E0A300082DE9F0470C462769DB
:1080D000A36807EB62177D1C9D42904606464968DF
:1080E0004FEA621904DD5B009D4201F10101FADCF7
:1080F0003046FFF7DDFD002851D0B9F1000F00F147
:1081000014010FDD0B464FF0000C09F105024FEA98
:10811000820E00EB820243F804CB9342FBD1AEF116
:1081200014031944226904F1140318F01F0803EB27
:10813000820C2CD08E464FF0000AC8F120091A6834
:1081400002FA08F242EA0A024EF8042B53F8042B12
:108150009C4522FA09FAF2D8ACEB0403153B23F054
:108160000303043304F11502944538BF042341F896
:1081700003A0BAF1000F00D13D46736C626805613F
:1081800053F82210216043F82240BDE8F0870439FB
:1081900053F8042B9C4541F8042FF9D8ECE702462C
:1081A0004FF4EF71014B024800F05CFA70A3000835
:1081B000E0A3000884460B690069C01A15D10CF1D0
:1081C000140C14310CEB830210B401EB830301E0B7
:1081D000944508D252F8044D53F8041D8C42F7D050
:1081E00004D24FF0FF3010BC70477047012010BC24
:1081F000704700BF2DE9F04F14460A69236988468D
:10820000D21A002A83B040F0888001F1140604F1EC
:10821000140202EB830206EB830301E09E427FD24D
:1082200053F8045D52F8041D8D42F7D076D32346EF
:108230000025444698466168FFF73AFD002800F0A3
:10824000898000F1140949464FF0000C2769D8F8DD
:10825000106004F1140B08F1140EC56004F1100253
:108260000EEB86060BEB870ACDF804B05EF8044BE4
:1082700052F8045F1FFA84FBABB2A3EB0B03240C90
:108280006344C4EB154404EB23449BB243EA044328
:10829000764541F8043B4FEA244CE7D808F1150134
:1082A0008E4234BF00210121A6EB0806153EB60818
:1082B000002906F101024FEA820208BF0422DDF81C
:1082C00004B00BEB0204A2454A4434D915462146BA
:1082D000E04651F8046BB3B263444FEA164E0EEB1E
:1082E000234E06EB08039BB243EA0E438A454FEA4E
:1082F0002E4C45F8043BEBD80AF1FF3AAAEB040AEE
:108300002AF0030A524423B952F8043D013F002BDE
:10831000FAD0076103B0BDE8F08F88DA01258AE75B
:108320000021FFF7C5FC70B101220023C0E904233E
:1083300003B0BDE8F08F00294FEA860608BF00268B
:1083400009EB0602DFE7024640F23721054B0648FB
:1083500000F088F9024640F24521024B024800F045
:1083600081F900BF70A30008E0A30008F0B5012167
:1083700083B016461F46FFF79BFC0546002847D0F2
:10838000C7F30A54C7F313030CB143F48013002E50
:10839000019314D101A8FFF72FFD0122019B20308A
:1083A0006B612A6114B3089BA4F2334404441C603B
:1083B000099BC0F135001860284603B0F0BD68463F
:1083C0000096FFF719FD019B00B30099C0F1200250
:1083D00003FA02F2C34001930A43002B6A610CBF07
:1083E00001220222AB612A61002CDCD105EB820163
:1083F000A0F23243086908990B60FFF7DBFC099B88
:10840000C0EB42101860284603B0F0BD009AE4E7C4
:10841000024640F20F31024B024800F023F900BF40
:1084200070A30008E0A30008034649B1FF2A02D860
:1084300001200A7070478A224FF0FF301A6070479F
:108440000846704770B5054684B05BB11C460F4BBB
:10845000D3F8E060234669B12846B047431C0FD0EB
:1084600004B070BD094B00F58274D3F8E060234678
:108470000029F1D10A46284601A9B047431CEFD193
:1084800000228A2322602B6004B070BD9805002072
:1084900010B51C4682B0049B009401934FF0FF334B
:1084A00000F052FB02B010BD2DE9F0471D468F6869
:1084B0000C46AF4216460B6836D8B1F90CC01CF416
:1084C000906F0ED13D46184631462A4600F04CF8D2
:1084D0000020A368DF1B2368A7602B442360BDE84E
:1084E000F0874A69096902EB42025F1A02EBD27215
:1084F0006B1C52103B44934292BF914699461A46D8
:108500001CF4806F804611D01146FCF7CFF88246EC
:1085100000B33A462169F8F7B3FAA38923F49063CC
:1085200043F08003A38105E02F46CCE700F0F0F88C
:10853000824658B10AEB0703A9EB0707A760C4F806
:1085400010A02F46C4F814902360BCE74046216970
:10855000FBF7B0FF0C22A3894FF0FF3043F040033C
:10856000C8F80020A381BAE788420ED98B1883424D
:108570000BD900EB020C002A6DD0624613F801CD36
:10858000994202F801CDF9D170470F2A0FD803465E
:1085900002F1FF3C002A5ED00CF1010C013B8C443F
:1085A00011F8012B614503F8012FF9D1704740EA1A
:1085B00001039B0750D1A2F1100370B501F1200C0B
:1085C00023F00F0501F1100E00F11004AC441B095B
:1085D0005EF8105C0EF1100E44F8105C5EF81C5C46
:1085E000103444F81C5C5EF8185C44F8185C5EF8C3
:1085F000145CE64544F8145CEAD1013312F00C0F28
:1086000001EB031102F00F0400EB031328D08E4698
:10861000043C24F003064FEA940C1E441C1F5EF831
:10862000045B44F8045FB442F9D10CF1010402F098
:10863000030203EB840301EB840102F1FF3C4AB126
:108640000CF1010C013B8C4411F8012B614503F83E
:10865000012FF9D170BD7047034602F1FF3C9BE743
:108660002246EAE7144600B51A460A4B0D461B6837
:1086700085B0DE6803464CB1074901913046074991
:108680000294009500F072FA01F008FC04490C46CF
:10869000F3E700BF380000203CA400084CA4000809
:1086A00048A4000838B5A1FB021454BBFBF7FEFF39
:1086B000054650B350F8042C22F00302043A242A51
:1086C00010D8132A13D91B2AC0E9004416D9242A2A
:1086D000C0E902440ABFC0E9044400F1100200F1FD
:1086E000180205E02146FBF79FFD284638BD0246EB
:1086F00000232846C2E90033936038BD00F1080228
:10870000F6E7FBF735FE0C2303600025284638BD4D
:108710002DE9F84F1646002900F096800C46804659
:1087200006F10B05FCF776FA54F8041C162DA4F19B
:10873000080921F0030758D81025AE4258D8AF4297
:1087400060DABF4B09EB070C9A68DCF8040062455D
:1087500000F0908020F0010363445B68DB0768D47D
:1087600020F003003B189D4247DDCB0712D454F89C
:10877000083CA9EB030BDBF8043023F003021044A0
:1087800000EB070A554540F3F68007EB020A554512
:1087900040F3CC8031464046FBF788FF0646002870
:1087A00000F0218154F8043CA0F1080223F00103F9
:1087B0004B44934200F0B4803A1F242A00F2D78041
:1087C000132A00F2A28003462246116819605168FC
:1087D000596092689A6021464046FBF76BFE40461E
:1087E000FCF71EFA3046BDE8F88F35F00705A4D532
:1087F0000C23C8F80030002618E01F46DCE90223ED
:10880000D3609A60D9F804307A1B0F2A03F0010371
:1088100009EB07001DD83B43C9F80430436843F017
:10882000010343604046FCF7FBF926463046BDE8AD
:10883000F88FC907AED454F8083CA9EB030BDBF85A
:10884000043023F00302A0E71146BDE8F84FFBF720
:108850002DBF2B4309EB050142F00102C9F804309A
:108860004A604368083143F0010343604046FBF728
:1088700021FED7E720F00300C21905F1100C624574
:1088800080F29280CA0785D454F8082CA9EB020B19
:10889000DBF8042022F00302104400EB070AD44561
:1088A0003FF773AF5E46DBF80C1056F8080F3A1F1F
:1088B000242AC160886000F2B080132A40F2AB80A5
:1088C00021681B2ACBF808106168CBF80C1000F265
:1088D000AA8008340BF110022168116061685160B0
:1088E000A1689160AAEB05020BEB050142F00102C1
:1088F00099604A60DBF80430404603F001032B43E3
:10890000CBF80430FCF78CF990E723681B2A03604E
:10891000636843603DD804F1080200F1080354E79E
:1089200050F8043C23F003031F446BE75E463A1FF4
:10893000DBF80C3056F8081F242ACB60996023D846
:10894000132A1FD923681B2ACBF808306368CBF899
:108950000C303CD808340BF1100322681A606268AE
:108960005A60A2689A6034465746D9464AE721467B
:10897000FFF7FAFD2FE7DCE902135E46CB603A1FF2
:108980009960D5E73346E8E721463046FFF7ECFD2E
:10899000E9E7A368242A8360E368C36027D004F171
:1089A000100200F1100310E7521B09EB050142F021
:1089B000010299604A6054F8043C404603F0010308
:1089C0002B4344F8043CFCF72BF926462EE7A3681A
:1089D000242ACBF81030E368CBF8143010D01034D0
:1089E0000BF11803B9E74046FCF71AF903E72369CE
:1089F00004F1180203616369436100F11803E4E6BE
:108A000023691834CBF8183054F8043CCBF81C30E8
:108A10000BF12003A1E732465EE721463046FFF71F
:108A2000A3FD074B5EE7A168242ACBF81010E1688C
:108A3000CBF8141006D010340BF118024CE700BF2D
:108A40009001002022691834CBF8182054F8042C27
:108A5000CBF81C200BF120023EE700BF2DE9F04FC0
:108A600089B08646DDE9137A1E46002F53D015687B
:108A7000002955D0129B002B62D0741E2EB3002605
:108A8000CDE900E1DDF848B0043D029103920AE02F
:108A9000019BF3B92868002831D0DC4552D2013C53
:108AA000631C664611D0D7E9009855F8042F3B4661
:108AB0000098DAF8E0C005A9E047421C34D000EB8A
:108AC000060CDC45E4D9C7E90098304609B0BDE89A
:108AD000F08F00280CDD029B05A918445A1E00F1F6
:108AE000FF3E11F8013B02F8013F7245F9D10290B7
:108AF000039B28681A6804321A600028CDD10199B6
:108B0000039A01B110600CF1FF36002230463A6042
:108B100009B0BDE8F08F156800F586770029A9D166
:108B20004FF0FF331293A8E706468A210022304611
:108B3000DDF800E0CEF800103A6009B0BDE8F08F33
:108B4000129EC2E76646C0E710B584B00698054C91
:108B5000009007980190044800680294FFF77EFF98
:108B600004B010BD98050020380000200EB400B5F8
:108B7000074A82B003AB0146106853F8042B0193F7
:108B800000F008F802B05DF804EB03B0704700BFD6
:108B90003800002084462DE9F04F0E461546E14688
:108BA000C9B018AF0822002138461C460596079523
:108BB0000D93FBF739FBB9F1000F04D0D9F834302D
:108BC000002B00F03786059B5A6EB3F90C30D007A6
:108BD00002D4990540F12C859E0406D4059943F4EE
:108BE000005322F400528B814A66950400F1E4861A
:108BF000059AB2F90C30190740F1BF801269002ABA
:108C000000F0BB8003F01A020A2A00F0C58000239E
:108C10001FAA9246CDE91D33CDE91133DFF83CB2EE
:108C20001C920E9309930F93CDF82090DDE9075421
:108C3000DBF8E460FDF710FF2A46034616A920463C
:108C40000097B047002800F0C680C0F2BC80169B99
:108C5000252B01D00544EBE7079B0446EE1A40F0B4
:108C6000BE804FF0FF32002306926A786C1C8DF8AC
:108C700053300A9303930134A2F120035A2B00F2DC
:108C8000EF80DFE813F05402ED00ED004E02ED003E
:108C9000ED00ED005E02ED00ED006A00EB01ED007D
:108CA000E501F601ED00F0015B005B005B005B009D
:108CB0005B005B005B005B005B00ED00ED00ED0026
:108CC000ED00ED00ED00ED00ED00ED0097017F02FD
:108CD000ED00ED00ED00ED00ED00ED00ED00ED002C
:108CE000ED00ED001202ED00ED00ED007001ED0071
:108CF000A202ED00ED00FC04ED00ED00ED00ED0042
:108D0000ED00ED00ED00ED00ED00ED009701BC0180
:108D1000ED00ED00ED009902BC017400ED002003B0
:108D2000ED001103F904F0027400ED00700172000F
:108D3000F604ED00ED001F05ED0072000021A2F128
:108D4000300314F8012B01EB810103EB4101A2F187
:108D50003003092BF5D90A918EE70D9B53F8042BAC
:108D6000002A0A920D93C0F27081227883E7039B58
:108D7000227843F0200303937DE7059D484629466A
:108D800001F02AF8002840F03D86B5F90C3003F0D8
:108D90001A020A2A7FF43BAF0599B1F90E20002A86
:108DA000FFF635AF4A6ED60702D49D0540F1EB853C
:108DB00023464846079A059900F048FE099009980D
:108DC00049B0BDE8F08F082200213846FBF72CFAA5
:108DD000012005442CE7079B0446EE1A12D0079B9E
:108DE000CAE900361E9B33441E931D9B0133072B9B
:108DF0001D9313DC0AF1080A099B33440993002CE4
:108E00007FF42FAF1E9BDDF82090002B40F0CA8529
:108E10000022059B1D92B3F90C3012E005990898C9
:108E20001CAA00F053FE48B90DF17C0AE4E7B146F4
:108E30000C9B1BB148460C99FBF73CFB059BB3F917
:108E40000C30059A526ED10740F183805B0600F129
:108E5000BD85099849B0BDE8F08F00BF9805002096
:108E60000794002ACED000238DF8533001238DF8CB
:108E7000BC2004932FAC0B934FF00009CDF8309039
:108E8000CDF81890039BDDE91D2113F0840605D170
:108E90000A9B04981D1A002D00F302839DF85300CD
:108EA00078B10123013201310DF15300072ACDE9D8
:108EB0001D21CAF80430CAF8000000F32B830AF120
:108EC000080AB9F1000F0ED0022001320231CAF8AF
:108ED0000400072A15A8CDE91D21CAF8000000F3F7
:108EE00025830AF1080A802E00F02A82069B0B983F
:108EF0001D1A002D00F36B820B9B01321944072AC7
:108F0000CDE91D21CAF80040CAF8043000F39C8264
:108F10000AF1080A039B580705D50A9B049A9C1A74
:108F2000002C00F30F83DDE9093204988242ACBFC4
:108F30009B181B180993002940F0908200231D9371
:108F40000C9B1BB10C990898FBF7B4FA0DF17C0A45
:108F50006CE69A053FF57AAF059CA06DFBF73CFAED
:108F6000B4F90C3072E700230D9E079456F8044BB9
:108F70008DF85330002C00F07584532A00F0BD8327
:108F8000039B13F0100540F0B883069B002BC0F242
:108F9000E8841A4629462046FDF79CFD0C900028DF
:108FA00000F02C85031BCDE90B3523EAE373049312
:108FB00000F0B8BC0D9B432A079403F1040503D0CD
:108FC000039BD80640F18283082200211AA8FBF7F0
:108FD0002BF90D9A2FAC1AAB214612680898FFF7AF
:108FE00031FA034601330B9000F0FB840B9B23EA1C
:108FF000E373049300230D958DF853303CE7039BF6
:109000000794990640F1C7800D9B073323F00703AF
:1090100018465A6850F8083B11460D90002AC0F2D5
:109020005B81069A002AC0F26481039A22F08002D2
:10903000039253EA010240F05C81069B002B40F052
:10904000A78404930B9348AC65E10A9B5B420A93A7
:10905000039B227843F0040303930CE62B2322782E
:109060008DF8533007E6039B227843F08003039387
:1090700001E6204610F8012B2A2A00F0CE84A2F146
:109080003003092B98BF002100F2848410F8012BD3
:1090900001EB810103EB4101A2F13003092BF5D96A
:1090A00041EAE17304460693E6E5039B079443F027
:1090B000100212F0200100F087820D9B073323F08D
:1090C00007031846596850F8083B0D90002022F419
:1090D00080640394069C8DF853008442C0F2A08003
:1090E00053EA010422F4906240F0A083039C0392AF
:1090F000069B002B40F08C80002840F0908214F0FA
:1091000001020B9200F0908230238DF81F319DF800
:10911000533004920DF21F14002B40F001810C9388
:1091200003E1039B227843F001030393A3E59DF839
:1091300053302278002B7FF49EAD20238DF85330DE
:1091400099E5089E3046FDF78DFC4368184611935B
:10915000FDF70CFD129005463046FDF783FC836851
:109160000E93002D3FF401AE0E9B2278002B3FF4AE
:1091700082AD1B78002B3FF47EAD039B43F48063EC
:10918000039378E5039B079443F010030393039B39
:1091900099063FF539AF0D9A52F8043B0D92039AA8
:1091A000D20600F15282039A560640F14A8243F3F6
:1091B000C0310A461BB231E72278039B682A00F0CF
:1091C000958243F04003039355E5039B079443F0D6
:1091D000100414F0200100F006820D9B073323F0E9
:1091E00007031A46596852F8083B0D9200228DF881
:1091F0005320069A002AC0F21B8324F080020392B7
:1092000053EA010275D1069B0120002B3FF474AF95
:10921000012800F0BD8300230228194600F02981AF
:1092200048AC03F00702DB0843EA4173C908303257
:1092300053EA0105204604F8012DF2D1039BDD0716
:1092400040F12581302A00F022813023069A02382D
:1092500004F8013C48AB1B1A9A42B8BF1A460446B0
:109260000B93049257E0039B002143F00203039306
:1092700047F630030D9AADF8543052F8043B07948A
:109280000D92B64A0F9200228DF85320069A002ABA
:10929000C0F2EF80039C53EA010024F080020392A5
:1092A00040F0E780022023E7039B07949C0640F1EF
:1092B000CF810D9B099A1B681A60D2175A600D9BCB
:1092C00004330D93B2E42278039B6C2A00F00782EA
:1092D00043F010030393CEE42D228DF85320069A19
:1092E0005B4261EB4101002A03DB039A22F080021A
:1092F00003920A2B71F1000280F03A823033DBB224
:109300008DF81F31069B0DF21F14012BB8BF0123EE
:10931000049301230B939DF85330002B3FF4FFAED1
:1093200000230C93049B01330493039B13F0020965
:109330003FF4A8AD049B4FF0020902330493A1E56A
:109340000A9B04981D1A002D7FF7D0AD102D40F315
:109350004583DFF80C82534640461026A046DDF8D0
:1093600020900446DDF814A004E0103D102D03F118
:10937000080315DD01321031072AC3E90046CDE9A3
:109380001D21F2DD514648461CAA00F09FFB002833
:109390007FF44EADDDE91D21103D102D1FABE9DC42
:1093A0009A4623464446984601322944072ACDE985
:1093B0001D21CAF80080CAF8045000F34082069BC1
:1093C0000B980AF1080A1D1A002D7FF795AD102D94
:1093D000DFF88C812ADD53461026AA46DDF820905E
:1093E0002546059C06E0AAF1100ABAF1100F03F118
:1093F000080318DD01325A481031072AC3E9000674
:10940000CDE91D21EFDD214648461CAA00F05EFB98
:1094100000287FF40DADDDE91D21AAF1100ABAF193
:10942000100F1FABE6DC2C4655469A460132294404
:10943000072ACDE91D21CAF80080CAF8045000F3BC
:10944000E1800AF1080A57E5059908981CAA00F07E
:109450003DFB58B91E990DF17C0A5BE5059908980A
:109460001CAA00F033FB00283FF468ADDDF8209023
:10947000DEE40F9848AC03F00F02825C1B0943EA5C
:109480000173090904F8012D53EA0102F3D1069A88
:1094900048AB1B1B9A42B8BF1A460B9304923AE79B
:1094A000102D40F37C822F4B50461396A2464FF06E
:1094B00010081C46089E109304E0103D102D00F18A
:1094C000080015DD01321031072AC0E90048CDE956
:1094D0001D21F2DD304605991CAA00F0F7FA00289C
:1094E0007FF4A5ACDDE91D21103D102D1FA8E9DC9E
:1094F00054468246139E0132109B2944072ACDE927
:109500001D21CAF80030CAF8045000F381810AF125
:10951000080AC3E4059908981CAA00F0D7FA0028A5
:10952000A4D1DDE91D210DF17C0ACAE40599089852
:109530001CAA00F0CBFA002898D1DDE91D210DF11D
:109540007C0AD0E4102C1D9B40F34582054E10256B
:10955000DDF82090DDF8148010960AE0E4A20008FF
:10956000DCA60008ECA60008103C102C0AF1080A42
:1095700016DD01331031072BCAE90065CDE91D3135
:10958000F2DD414648461CAA00F0A0FA00287FF40C
:109590004FACDDE91D31103C102C0DF17C0AE8DCEC
:1095A0000133109A2144072BCAE90024CDE91D316B
:1095B0007FF7B9AC059908981CAA00F087FA002833
:1095C0007FF454AF1E99AEE40D9850F8043B0D9013
:1095D00012F010007FF47AAD12F0400400F04C81DC
:1095E00001469BB272E50D9A52F8043B0D9214F0BD
:1095F00010027FF4FBAD14F0400000F043811146EF
:109600009BB2F3E5059908981CAA00F05FFA0028C0
:109610007FF42CAFDDE91D210DF17C0A6CE4069B83
:1096200048AC04930B9376E6069B48AC049372E631
:10963000059DA86DFAF7CEFEB5F90C306A6EFFF7FE
:10964000CBBA039A950500F18681D9170A46E5E45D
:10965000039BD80600F10181039B590600F1768136
:10966000039B9A0540F1F9800D9B099A1B681A70BB
:1096700025E60794039CACE5039A079419E5AF4BE4
:1096800007940F93039B13F0200161D00D9B0733C8
:1096900023F007031846596850F8083B0D90039CC7
:1096A000E6070AD553EA010007D08DF8552044F0AB
:1096B0000202039230228DF85420039A22F4806231
:1096C0000392E0E59E4B07940F93DBE70D9B2FACD5
:1096D0001B688DF8BC30012304930B938AE443F09C
:1096E0002003627803930134FFF7C5BA43F4007393
:1096F000627803930134FFF7BEBA082200211AA84A
:109700001794FAF791FD069B002BC0F2C980002543
:10971000CDF810A0A8469A46DDF820900FE01AABCD
:1097200048462FA9FEF78EFE431C05F10405404470
:1097300000F05781504506DC00F05B818046179BA6
:109740005A59002AEBD1DDF810A0CDF82C80B5E0F5
:109750000D9850F8043B0D90039810F010009ED126
:10976000039911F0400400F0948001469BB296E703
:10977000039A984602F480624FF0000C1346714D34
:109780000DF5907ECDF810A007E0B8F10A0F71F149
:1097900000013AD3C8463146A64618EB010242F111
:1097A0000002A5FB020626F0030000EB96004FF036
:1097B000CC36121AB8EB020006FB00F661F1000A83
:1097C000A0FB059005FB0A660644052009F0010A86
:1097D000AAFB000A80184FEA5909303049EAC679D5
:1097E0000CF1010C0EF1FF340EF8010C7608002B81
:1097F000CBD00E9A12786245C7D1BCF1FF0FC4D00E
:10980000B8F10A0F71F1000177D2DDF810A03EE641
:10981000059908981CAA00F059F900287FF426AE93
:10982000DDE91D210DF17C0AFFF738BB0392F7E457
:1098300003945EE54846FAF71DFCFFF7C4B90599A5
:1098400008981CAA00F042F900287FF40FAEDDE969
:109850001D210DF17C0AFFF749BB0D9B099A1B687E
:109860001A602CE5069B384C062B28BF06230D9664
:109870000B930493FFF700BB12F400711CBF214649
:10988000DBB223E414F400713FF4B0AC0146DBB268
:10989000ACE4039911F400711CBF2146DBB2FEE673
:1098A0001AAB009300230898194617AAFEF7F0FD9B
:1098B000034601330B9000F0948017940B9B73B315
:1098C000632B57DC00232FAC0C93082200211AA82D
:1098D000FAF7AAFC0B9D1AAB009321462B46089879
:1098E00017AAFEF7D5FD854240F0A28000230B9A0F
:1098F000A35422EAE273049314E00B93129B119990
:10990000E41A1A462046FDF771F80E990B9B4A7827
:1099100012B10A4601320E924FF0000C3AE70B9B4F
:1099200004930C939DF853301BB100230D960693BE
:10993000F8E4994606930D96FFF7A4BAF8A200083A
:10994000E4A20008CDCCCCCC0CA300080D9B099A56
:109950001B681A80B3E443F3C0110A465BB2FFF7F9
:109960005DBB2046FDF702F920EAE0730C950B90F1
:109970000493D7E70898591CFAF798FE0446002884
:109980002FD00C90A1E7886DFAF726FDFFF710BAEB
:109990003023B5E4002304460693FFF76DB9294B45
:1099A0001093A8E5484605991CAA00F08FF80028F6
:1099B0003FF42EAAFFF742BAD40707D4059B9B8930
:1099C000980503D4059B986DFAF706FD4FF0FF3319
:1099D0000993FFF73EBA1B4A1092E1E5DFF8688071
:1099E000E2E4059AB2F90C3043F040039381FFF7AB
:1099F00028BA069BDDF810A00B935FE7069B049343
:109A00000B938FE7059A536EDB07DFD493899F058D
:109A1000DCD4906DFAF7E0FCD8E70D9B627853F840
:109A2000041B04460D9341EAE1730693FFF723B943
:109A3000059ADDF82090938943F040039381FFF766
:109A4000F7B900BFECA60008DCA60008F0B54FF49B
:109A500080640026ADF26C4D1AADCDE905461F4677
:109A600006460095049515468B8916A823F0020337
:109A7000ADF80C304B6E02941993CB890C46ADF8BF
:109A80000E30CB6907934B6A0993FAF79FFC2A467D
:109A90003B4669463046FFF77DF8051E07DB694601
:109AA0003046FCF779FF002818BF4FF0FF35BDF8AE
:109AB0000C305B0603D5A38943F04003A3811698BD
:109AC000FAF786FC28460DF26C4DF0BD936810B590
:109AD00014461BB918460023636010BD00F006F859
:109AE0000023A3600023636010BD00BF9368002BB8
:109AF00000F0F0802DE9F04FB1F90CC090461CF059
:109B0000080F81460C4683B02BD00B694BB31CF079
:109B10000207D8F8006032D04FF0000A5546D4F85A
:109B200024B0E169AB4FC5B1BD422B46524628BFB8
:109B30003B464846D847002840F3C280D8F8083052
:109B400082441B1A2D1AC8F80830002B00F0AE8092
:109B5000D4F824B0E169002DE6D1D6E900A5083695
:109B6000E1E72146484600F037F9002840F0AD8093
:109B7000B4F90CC0D8F800601CF00207CCD11CF07E
:109B8000010A63D157462368A16818468B46002F07
:109B900058D01CF4007F00F0B180B9420A4600F2B0
:109BA000DD801CF4906F2FD0216962695D1A02EB91
:109BB000420202EBD2726B1C52103B44934292BFA2
:109BC00093469B461A461CF4806F00F0E6801146CF
:109BD0004846FAF76BFD002800F0F5802A46216917
:109BE0000190F6F74DFFA289019B22F4906242F0AA
:109BF0008002A2815819C4F814B0ABEB05053A46AF
:109C0000BB462361A56020603D4600275146019276
:109C1000FEF7AAFCA1682368019AA1EB0B011A4484
:109C2000A1602260D8F80830AA445B1BC8F808304D
:109C3000002B3BD02368A16818468B46B4F90CC0B2
:109C4000002FA6D1D6E900A708369EE73846BB46C6
:109C50003D46002D40D0002845D03A46D4E904C303
:109C60002068AA4228BF2A466045A16804D901EBB2
:109C7000030A524500F38280934272DC5A464846FA
:109C8000E169D4F824C0E047B0F1000A18DDB7EB71
:109C90000A070FD00120D8F80830D344A3EB0A03F9
:109CA000A5EB0A05C8F80830002BD2D1002003B07C
:109CB000BDE8F08F21464846FCF76EFE0028EAD04A
:109CC000B4F90C3043F04003A3814FF0FF3003B0F0
:109CD000BDE8F08F00207047756833460836002DC8
:109CE000FAD0D3F800B02A460A215846FCF7F2FE13
:109CF000002865D00130A0EB0B07AEE722699A423D
:109D000014D36569BD4211D86FF00043BB4228BF30
:109D10003B4693FBF5F3524605FB03F34846656A61
:109D2000E169A847051ECBDD7F1B7BE7B94228BF51
:109D300039460D46184651462A46FEF715FCA168DD
:109D40002368491B2B44A16023600029ECD12146E4
:109D50004846FCF721FE0028E6D0B1E7BB463A466C
:109D600052E759460192FEF7FFFB019AA36892461B
:109D70009B1AA36023681344236088E75946524620
:109D8000FEF7F2FB23682146534448462360FCF764
:109D900003FE00283FF47BAF92E74846FEF7B8FC8D
:109DA000034600287FF426AF48462169FAF782FB74
:109DB0000C22B4F90C30C9F8002023F0800381E7AD
:109DC0006A1C17464AE70C22B4F90C30C9F8002087
:109DD00078E700BF00FCFF7F38B52F4B05461B68B6
:109DE0000C4613B15A6B002A4BD0B4F90C3018074B
:109DF0001CD5226922B313F0010107D0002061694C
:109E0000A0604942A1613AB1002038BD980758BF0F
:109E10006169A160002AF7D1190658BF1046F4D530
:109E200043F04003A3814FF0FF3038BDD9062CD555
:109E30005A0712D4226943F00803A381002ADAD119
:109E400003F42071B1F5007FD5D02146284600F0FB
:109E50002DF8B4F90C302269CDE7216B51B104F132
:109E60004002914204D02846FAF724FBB4F90C30A2
:109E7000002222630021226923F02403C4E9002187
:109E8000D9E71846FAF7F6F8AFE7092243F040039E
:109E90002A60A381C7E700BF38000020062008B56C
:109EA00000F072F80120F7F7A9FE00BF2DE9F0419C
:109EB000B1F90C300C46990796B008D5012204F18F
:109EC0004303C4E90432236016B0BDE8F081B4F95D
:109ED0000E100646002926DB6A4600F081F80028AD
:109EE0001FDB019D4FF4806805F47045A5F5005512
:109EF000B5FA85F54FF400676D0941463046FAF72B
:109F0000D5FBE8B1B4F90C30C4F8148043F08003F9
:109F100020602061A3813DBB3B43A38116B0BDE817
:109F2000F081B4F90C3013F0800519D04FF04008DF
:109F30000025414630462F46FAF7B8FB0028E1D10C
:109F4000B4F90C309A05BFD4012123F0030304F1C6
:109F5000430243F00203C4E90421A3812260B3E772
:109F60004FF480682F46C8E73046B4F90E1000F071
:109F70004BF810B9B4F90C30CEE7A38923F00303F2
:109F800043F001031BB2C7E738B5144B1F281D6807
:109F90001ED8D5F83821044662B152F820304BB1B2
:109FA000012B05D0591C0FD0002142F820109847F2
:109FB000002038BD284600F04DF8224601462846CC
:109FC000BDE8384000F032B8162301202B6038BDC0
:109FD00016234FF0FF302B6038BD00BF3800002043
:109FE00070B50026074D0446084611462E60F7F767
:109FF0002CFE431C00D070BD2B68002BFBD02360CF
:10A0000070BD00BFF80D0020002238B5064D044693
:10A0100008462A60F7F71EFE431C00D038BD2B68A7
:10A02000002BFBD0236038BDF80D002070B5002652
:10A03000074D0446084611462E60F7F7D7FD431C2E
:10A0400000D070BD2B68002BFBD0236070BD00BF1B
:10A05000F80D0020F7F7C8BDF8B500BFF8BC08BC84
:10A060009E467047F8B500BFF8BC08BC9E467047D6
:10A070000806000078A000080000000000000000B2
:10A08000002F000000000700070000147F147F1459
:10A0900000242A7F2A1200626408132300364955DF
:10A0A000225000000503000000001C2241000000B7
:10A0B00041221C000014083E08140008083E08084D
:10A0C000000000A0600000080808080800006060A8
:10A0D0000000002010080402003E5149453E0000E7
:10A0E000427F4000004261514946002141454B31C9
:10A0F000001814127F10002745454539003C4A4995
:10A100004930000171090503003649494936000606
:10A110004949291E0000363600000000563600006E
:10A1200000081422410000141414141400004122E9
:10A13000140800020151090600324959513E007CC1
:10A140001211127C007F49494936003E41414122AB
:10A15000007F4141221C007F49494941007F090994
:10A160000901003E4149497A007F0808087F000044
:10A17000417F4100002040413F01007F08142241FF
:10A18000007F40404040007F020C027F007F0408B7
:10A19000107F003E4141413E007F09090906003E13
:10A1A0004151215E007F091929460046494949313C
:10A1B0000001017F0101003F4040403F001F20405F
:10A1C000201F003F4038403F00631408146300071D
:10A1D0000870080700615149454300007F41410074
:10A1E00000552A552A55000041417F000004020114
:10A1F00002040040404040400000010204000020F2
:10A2000054545478007F484444380038444444202F
:10A2100000384444487F00385454541800087E09DC
:10A2200001020018A4A4A47C007F080404780000A4
:10A23000447D4000004080847D00007F1028440061
:10A240000000417F4000007C04180478007C080472
:10A25000047800384444443800FC242424180018AE
:10A26000242418FC007C080404080048545454209A
:10A2700000043F444020003C4040207C001C204023
:10A28000201C003C4030403C004428102844001C66
:10A29000A0A0A07C004464544C441414141414145E
:10A2A000252E2A66000000004652453A00000000B4
:10A2B000447574793A00000025000000524D533A6D
:10A2C000000000006D760000487A00006B487A00BC
:10A2D0004D487A00494E4600696E66004E414E0078
:10A2E0006E616E0030313233343536373839616261
:10A2F0006364656600000000303132333435363730
:10A30000383941424344454600000000286E756CD0
:10A310006C290000300000002E0000004C435F4319
:10A320004F4C4C41544500004C435F4354595045F9
:10A33000000000004C435F4D4F4E455441525900C0
:10A340004C435F4E554D4552494300004C435F54CA
:10A35000494D45004C435F4D4553534147455300DC
:10A36000496E66696E697479000000004E614E00A6
:10A3700042616C6C6F6320737563636565646564CB
:10A38000000000002F646174612F6A656E6B696E56
:10A39000732F776F726B73706163652F474E552D06
:10A3A000746F6F6C636861696E2F61726D2D3133EC
:10A3B0002F7372632F6E65776C69622D637967778F
:10A3C000696E2F6E65776C69622F6C6962632F739B
:10A3D00074646C69622F64746F612E630000000006
:10A3E0002F646174612F6A656E6B696E732F776F6E
:10A3F000726B73706163652F474E552D746F6F6C70
:10A40000636861696E2F61726D2D31332F737263D2
:10A410002F6E65776C69622D63796777696E2F6E31
:10A4200065776C69622F6C6962632F7374646C6901
:10A43000622F6D707265632E630000002C206675BC
:10A440006E6374696F6E3A2000000000617373657B
:10A450007274696F6E2022257322206661696C65B3
:10A46000643A2066696C6520222573222C206C6971
:10A470006E65202564257325730A00000000000026
:10A4800001020304000000000000000001020304B8
:10A49000060708090102000002030405060708096F
:10A4A0000A0B0C0D0E0F1010010200000203040530
:10A4B000060708090A0B0C0D0E0F10103030303053
:10A4C00030303030303030303030303020202020CC
:10A4D00020202020202020202020202005000000F7
:10A4E000190000007D0000000080E03779C341437F
:10A4F000176E05B5B5B89346F5F93FE9034F384DEA
:10A50000321D30F94877825A3CBF737FDD4F157595
:10A51000000000000000F03F0000000000002440A8
:10A5200000000000000059400000000000408F4083
:10A53000000000000088C34000000000006AF840EE
:10A540000000000080842E4100000000D012634112
:10A550000000000084D797410000000065CDCD4188
:10A56000000000205FA00242000000E87648374269
:10A57000000000A2941A6D42000040E59C30A24207
:10A580000000901EC4BCD64200003426F56B0C437C
:10A590000080E03779C3414300A0D8855734764323
:10A5A00000C84E676DC1AB43003D9160E458E14384
:10A5B000408CB5781DAF154450EFE2D6E41A4B44F9
:10A5C00092D54D06CFF08044F64AE1C7022DB5443E
:10A5D000B49DD9794378EA4400202020202020200F
:10A5E0002020282828282820202020202020202043
:10A5F0002020202020202020208810101010101053
:10A60000101010101010101010040404040404049E
:10A610000404041010101010101041414141414138
:10A62000010101010101010101010101010101011A
:10A63000010101011010101010104242424242422A
:10A6400002020202020202020202020202020202EA
:10A650000202020210101010200000000000000092
:10A6600000000000000000000000000000000000EA
:10A6700000000000000000000000000000000000DA
:10A6800000000000000000000000000000000000CA
:10A6900000000000000000000000000000000000BA
:10A6A00000000000000000000000000000000000AA
:10A6B000000000000000000000000000000000009A
:10A6C000000000000000000000000000000000008A
:10A6D00000000000000000000000000030303030BA
:10A6E00030303030303030303030303020202020AA
:0CA6F000202020202020202020202020DE
:08A6FC008463FF7F01000000F0
:08A70400DD43000835110008D7
:04A70C000D11000823
:10A710000000803F33335340FF0F00000000803FB4
:10A7200010000000C8A20008CCA20008D0A20008B7
:10A7300000127A000100000010000000000000007C
:10A7400003000000BC0C00204000002000000000BE
:10A7500000000000BC0C0020240D00208C0D002007
:10A7600000000000000000000000000000000000E9
:10A7700000000000000000000000000000000000D9
:10A7800000000000000000000000000000000000C9
:10A7900000000000000000000000000000000000B9
:10A7A00000000000000000000000000000000000A9
:10A7B0000000000000000000000000000000000099
:10A7C0000000000000000000000000000000000089
:10A7D0000000000000000000000000000000000079
:10A7E0000000000000000000010000000000000068
:10A7F0000E33CDAB34126DE6ECDE05000B0000002D
:10A800000000000000000000000000000000000048
:10A810000000000000000000000000000000000038
:10A820000000000000000000000000000000000028
:10A830000000000000000000000000000000000018
:10A840000000000000000000000000000000000008
:10A8500000000000000000000000000000000000F8
:10A8600000000000000000000000000000000000E8
:10A8700000000000000000000000000000000000D8
:10A8800000000000000000000000000000000000C8
:10A89000000E0020FFFFFFFF00000200000000008C
:10A8A0000000000000000000900100209001002046
:10A8B0009801002098010020A0010020A0010020A4
:10A8C000A8010020A8010020B0010020B001002054
:10A8D000B8010020B8010020C0010020C001002004
:10A8E000C8010020C8010020D0010020D0010020B4
:10A8F000D8010020D8010020E0010020E001002064
:10A90000E8010020E8010020F0010020F001002013
:10A91000F8010020F80100200002002000020020C1
:10A92000080200200802002010020020100200206F
:10A93000180200201802002020020020200200201F
:10A9400028020020280200203002002030020020CF
:10A95000380200203802002040020020400200207F
:10A96000480200204802002050020020500200202F
:10A9700058020020580200206002002060020020DF
:10A98000680200206802002070020020700200208F
:10A99000780200207802002080020020800200203F
:10A9A00088020020880200209002002090020020EF
:10A9B0009802002098020020A0020020A00200209F
:10A9C000A8020020A8020020B0020020B00200204F
:10A9D000B8020020B8020020C0020020C0020020FF
:10A9E000C8020020C8020020D0020020D0020020AF
:10A9F000D8020020D8020020E0020020E00200205F
:10AA0000E8020020E8020020F0020020F00200200E
:10AA1000F8020020F80200200003002000030020BC
:10AA2000080300200803002010030020100300206A
:10AA3000180300201803002020030020200300201A
:10AA400028030020280300203003002030030020CA
:10AA5000380300203803002040030020400300207A
:10AA6000480300204803002050030020500300202A
:10AA700058030020580300206003002060030020DA
:10AA8000680300206803002070030020700300208A
:10AA9000780300207803002080030020800300203A
:10AAA00088030020880300209003002090030020EA
:10AAB0009803002098030020A0030020A00300209A
:10AAC000A8030020A8030020B0030020B00300204A
:10AAD000B8030020B8030020C0030020C0030020FA
:10AAE000C8030020C8030020D0030020D0030020AA
:10AAF000D8030020D8030020E0030020E00300205A
:10AB0000E8030020E8030020F0030020F003002009
:10AB1000F8030020F80300200004002000040020B7
:10AB20000804002008040020100400201004002065
:10AB30001804002018040020200400202004002015
:10AB400028040020280400203004002030040020C5
:10AB50003804002038040020400400204004002075
:10AB60004804002048040020500400205004002025
:10AB700058040020580400206004002060040020D5
:10AB80006804002068040020700400207004002085
:10AB90007804002078040020800400208004002035
:10ABA00088040020880400209004002090040020E5
:10ABB0009804002098040020A0040020A004002095
:10ABC000A8040020A8040020B0040020B004002045
:10ABD000B8040020B8040020C0040020C0040020F5
:10ABE000C8040020C8040020D0040020D0040020A5
:10ABF000D8040020D8040020E0040020E004002055
:10AC0000E8040020E8040020F0040020F004002004
:10AC1000F8040020F80400200005002000050020B2
:10AC20000805002008050020100500201005002060
:10AC30001805002018050020200500202005002010
:10AC400028050020280500203005002030050020C0
:10AC50003805002038050020400500204005002070
:10AC60004805002048050020500500205005002020
:10AC700058050020580500206005002060050020D0
:10AC80006805002068050020700500207005002080
:10AC90007805002078050020800500208005002030
:10ACA0008805002088050020430000000000000007
:10ACB0000000000000000000000000000000000094
:10ACC0000000000000000000430000000000000041
:10ACD0000000000000000000000000000000000074
:10ACE0000000000000000000430000000000000021
:10ACF0000000000000000000000000000000000054
:10AD00000000000000000000430000000000000000
:10AD10000000000000000000000000000000000033
:10AD200000000000000000004300000000000000E0
:10AD30000000000000000000000000000000000013
:10AD400000000000000000004300000000000000C0
:10AD500000000000000000000000000000000000F3
:10AD600000000000000000004300000000000000A0
:10AD700000000000000000000000000000000000D3
:10AD8000000000000000000029840008857C000805
:10AD900000000000D8A5000818A3000848A4000877
:10ADA00048A4000848A4000848A4000848A40008D3
:10ADB00048A4000848A4000848A4000848A40008C3
:10ADC000FFFFFFFFFFFFFFFFFFFFFFFFFFFF000091
:10ADD0000100415343494900000000000000000009
:10ADE0000000000000000000000000000000000063
:10ADF00000004153434949000000000000000000EA
:10AE00000000000000000000000000000000000042
:04AE1000000000003E
:0400000508001DD101
:00000001FF
